store.steampowered.com/news/app/730/CounterStrike_Global_Offensive/?updates=true;;;;;;;;;;;;
store.steampowered.com/news/app/1085660/Destiny_2/?updates=true;;;;;;;;;;;;
store.steampowered.com/news/app/1062090/Timberborn/?updates=true;;;;;;;;;;;;
store.steampowered.com/news/app/1063730/New_World/?updates=true;;;;;;;;;;;;
store.steampowered.com/news/app/1172470/Apex_Legends/?updates=true;;;;;;;;;;;;
store.steampowered.com/news/app/39210/FINAL_FANTASY_XIV_Online/?updates=true;;;;;;;;;;;;
store.steampowered.com/news/app/271590/Grand_Theft_Auto_V/?updates=true;;;;;;;;;;;;
store.steampowered.com/news/app/1134570/F1_2021/?updates=true;;;;;;;;;;;;
store.steampowered.com/news/app/381210/Dead_by_Daylight/?updates=true;;;;;;;;;;;;
store.steampowered.com/news/app/230410/Warframe/?updates=true;;;;;;;;;;;;
store.steampowered.com/news/app/227300/Euro_Truck_Simulator_2/?updates=true;;;;;;;;;;;;
store.steampowered.com/news/app/594570/Total_War_WARHAMMER_II/?updates=true;;;;;;;;;;;;
store.steampowered.com/news/app/1293830/Forza_Horizon_4/?updates=true;;;;;;;;;;;;
store.steampowered.com/news/app/236390/War_Thunder/?updates=true;;;;;;;;;;;;
store.steampowered.com/news/app/1149620/Gas_Station_Simulator/?updates=true;;;;;;;;;;;;
store.steampowered.com/news/app/1172620/Sea_of_Thieves/?updates=true;;;;;;;;;;;;
store.steampowered.com/news/app/739630/Phasmophobia/?updates=true;;;;;;;;;;;;
store.steampowered.com/news/app/359550/Tom_Clancys_Rainbow_Six_Siege/?updates=true;;;;;;;;;;;;
store.steampowered.com/news/app/1203220/NARAKA_BLADEPOINT/?updates=true;;;;;;;;;;;;
store.steampowered.com/news/app/1184370/Pathfinder_Wrath_of_the_Righteous/?updates=true;;;;;;;;;;;;
store.steampowered.com/news/app/1210320/Potion_Craft_Alchemist_Simulator/?updates=true;;;;;;;;;;;;
store.steampowered.com/news/app/252490/Rust/?updates=true;;;;;;;;;;;;
store.steampowered.com/news/app/1222680/Need_for_Speed_Heat/?updates=true;;;;;;;;;;;;
store.steampowered.com/news/app/1097150/Fall_Guys_Ultimate_Knockout/?updates=true;;;;;;;;;;;;
store.steampowered.com/news/app/1222670/The_Sims_4/?updates=true;;;;;;;;;;;;
store.steampowered.com/news/app/1129580/Medieval_Dynasty/?updates=true;;;;;;;;;;;;
store.steampowered.com/news/app/255710/Cities_Skylines/?updates=true;;;;;;;;;;;;
store.steampowered.com/news/app/892970/Valheim/?updates=true;;;;;;;;;;;;
store.steampowered.com/news/app/1250410/Microsoft_Flight_Simulator/?updates=true;;;;;;;;;;;;
store.steampowered.com/news/app/427520/Factorio/?updates=true;;;;;;;;;;;;
store.steampowered.com/news/app/1174180/Red_Dead_Redemption_2/?updates=true;;;;;;;;;;;;
store.steampowered.com/news/app/306130/The_Elder_Scrolls_Online/?updates=true;;;;;;;;;;;;
store.steampowered.com/news/app/386360/SMITE/?updates=true;;;;;;;;;;;;
store.steampowered.com/news/app/526870/Satisfactory/?updates=true;;;;;;;;;;;;
store.steampowered.com/news/app/294100/RimWorld/?updates=true;;;;;;;;;;;;
store.steampowered.com/news/app/601510/YuGiOh_Duel_Links/?updates=true;;;;;;;;;;;;
store.steampowered.com/news/app/1252330/DEATHLOOP/?updates=true;;;;;;;;;;;;
store.steampowered.com/news/app/570/Dota_2/?updates=true;;;;;;;;;;;;
store.steampowered.com/news/app/703080/Planet_Zoo/?updates=true;;;;;;;;;;;;
store.steampowered.com/news/app/311210/Call_of_Duty_Black_Ops_III/?updates=true;;;;;;;;;;;;
store.steampowered.com/news/app/960090/Bloons_TD_6/?updates=true;;;;;;;;;;;;
store.steampowered.com/news/app/413150/Stardew_Valley/?updates=true;;;;;;;;;;;;
store.steampowered.com/news/app/578080/PUBG_BATTLEGROUNDS/?updates=true;;;;;;;;;;;;
store.steampowered.com/news/app/1644960/NBA_2K22/?updates=true;;;;;;;;;;;;
store.steampowered.com/news/app/1426210/It_Takes_Two/?updates=true;;;;;;;;;;;;
store.steampowered.com/news/app/289070/Sid_Meiers_Civilization_VI/?updates=true;;;;;;;;;;;;
store.steampowered.com/news/app/594650/Hunt_Showdown/?updates=true;;;;;;;;;;;;
store.steampowered.com/news/app/582660/Black_Desert/?updates=true;;;;;;;;;;;;
store.steampowered.com/news/app/284160/BeamNGdrive/?updates=true;;;;;;;;;;;;
store.steampowered.com/news/app/1506830/FIFA_22/?updates=true;;;;;;;;;;;;
store.steampowered.com/news/app/281990/Stellaris/?updates=true;;;;;;;;;;;;
store.steampowered.com/news/app/936790/Life_is_Strange_True_Colors/?updates=true;;;;;;;;;;;;
store.steampowered.com/news/app/1190000/Car_Mechanic_Simulator_2021/?updates=true;;;;;;;;;;;;
store.steampowered.com/news/app/364360/Total_War_WARHAMMER/?updates=true;;;;;;;;;;;;
store.steampowered.com/news/app/346110/ARK_Survival_Evolved/?updates=true;;;;;;;;;;;;
store.steampowered.com/news/app/270880/American_Truck_Simulator/?updates=true;;;;;;;;;;;;
store.steampowered.com/news/app/1091500/Cyberpunk_2077/?updates=true;;;;;;;;;;;;
store.steampowered.com/news/app/505460/Foxhole/?updates=true;;;;;;;;;;;;
store.steampowered.com/news/app/1086940/Baldurs_Gate_3/?updates=true;;;;;;;;;;;;
store.steampowered.com/news/app/444200/World_of_Tanks_Blitz/?updates=true;;;;;;;;;;;;
store.steampowered.com/news/app/740130/Tales_of_Arise/?updates=true;;;;;;;;;;;;
store.steampowered.com/news/app/552990/World_of_Warships/?updates=true;;;;;;;;;;;;
store.steampowered.com/news/app/813780/Age_of_Empires_II_Definitive_Edition/?updates=true;;;;;;;;;;;;
store.steampowered.com/news/app/1124300/HUMANKIND/?updates=true;;;;;;;;;;;;
store.steampowered.com/news/app/1286830/STAR_WARS_The_Old_Republic/?updates=true;;;;;;;;;;;;
store.steampowered.com/news/app/1282590/Train_Sim_World_2/?updates=true;;;;;;;;;;;;
store.steampowered.com/news/app/1099410/A_Total_War_Saga_TROY/?updates=true;;;;;;;;;;;;
store.steampowered.com/news/app/620980/Beat_Saber/?updates=true;;;;;;;;;;;;
store.steampowered.com/news/app/787860/Farming_Simulator_19/?updates=true;;;;;;;;;;;;
store.steampowered.com/news/app/686810/Hell_Let_Loose/?updates=true;;;;;;;;;;;;
store.steampowered.com/news/app/1672970/Minecraft_Dungeons/?updates=true;;;;;;;;;;;;
store.steampowered.com/news/app/214950/Total_War_ROME_II__Emperor_Edition/?updates=true;;;;;;;;;;;;
store.steampowered.com/news/app/489830/The_Elder_Scrolls_V_Skyrim_Special_Edition/?updates=true;;;;;;;;;;;;
store.steampowered.com/news/app/905370/Conquerors_Blade/?updates=true;;;;;;;;;;;;
store.steampowered.com/news/app/107410/Arma_3/?updates=true;;;;;;;;;;;;
store.steampowered.com/news/app/552500/Warhammer_Vermintide_2/?updates=true;;;;;;;;;;;;
store.steampowered.com/news/app/1145360/Hades/?updates=true;;;;;;;;;;;;
store.steampowered.com/news/app/361420/ASTRONEER/?updates=true;;;;;;;;;;;;
store.steampowered.com/news/app/312660/Sniper_Elite_4/?updates=true;;;;;;;;;;;;
store.steampowered.com/news/app/648800/Raft/?updates=true;;;;;;;;;;;;
store.steampowered.com/news/app/1328670/Mass_Effect_Legendary_Edition/?updates=true;;;;;;;;;;;;
store.steampowered.com/news/app/218620/PAYDAY_2/?updates=true;;;;;;;;;;;;
store.steampowered.com/news/app/924970/Back_4_Blood/?updates=true;;;;;;;;;;;;
store.steampowered.com/news/app/546560/HalfLife_Alyx/?updates=true;;;;;;;;;;;;
store.steampowered.com/news/app/242760/The_Forest/?updates=true;;;;;;;;;;;;
store.steampowered.com/news/app/1343400/RuneScape/?updates=true;;;;;;;;;;;;
store.steampowered.com/news/app/1517290/Battlefield_2042/?updates=true;;;;;;;;;;;;
store.steampowered.com/news/app/699130/World_War_Z_Aftermath/?updates=true;;;;;;;;;;;;
store.steampowered.com/news/app/779340/Total_War_THREE_KINGDOMS/?updates=true;;;;;;;;;;;;
store.steampowered.com/news/app/976590/Bus_Simulator_21/?updates=true;;;;;;;;;;;;
store.steampowered.com/news/app/1151340/Fallout_76/?updates=true;;;;;;;;;;;;
store.steampowered.com/news/app/291550/Brawlhalla/?updates=true;;;;;;;;;;;;
store.steampowered.com/news/app/1127500/Mini_Motorways/?updates=true;;;;;;;;;;;;
store.steampowered.com/news/app/535930/Two_Point_Hospital/?updates=true;;;;;;;;;;;;
store.steampowered.com/news/app/275850/No_Mans_Sky/?updates=true;;;;;;;;;;;;
store.steampowered.com/news/app/1465360/SnowRunner/?updates=true;;;;;;;;;;;;
store.steampowered.com/news/app/868360/Project_Hospital/?updates=true;;;;;;;;;;;;
store.steampowered.com/news/app/767560/War_Robots/?updates=true;;;;;;;;;;;;
store.steampowered.com/news/app/1551360/Forza_Horizon_5/?updates=true;;;;;;;;;;;;
store.steampowered.com/news/app/1248130/Farming_Simulator_22/?updates=true;;;;;;;;;;;;
store.steampowered.com/news/app/933110/Age_of_Empires_III_Definitive_Edition/?updates=true;;;;;;;;;;;;
store.steampowered.com/news/app/292030/The_Witcher_3_Wild_Hunt/?updates=true;;;;;;;;;;;;
store.steampowered.com/news/app/610370/Desperados_III/?updates=true;;;;;;;;;;;;
store.steampowered.com/news/app/1167630/Teardown/?updates=true;;;;;;;;;;;;
store.steampowered.com/news/app/266410/iRacing/?updates=true;;;;;;;;;;;;
store.steampowered.com/news/app/1030840/Mafia_Definitive_Edition/?updates=true;;;;;;;;;;;;
store.steampowered.com/news/app/1290000/PowerWash_Simulator/?updates=true;;;;;;;;;;;;
store.steampowered.com/news/app/440/Team_Fortress_2/?updates=true;;;;;;;;;;;;
store.steampowered.com/news/app/24010/Train_Simulator_2021/?updates=true;;;;;;;;;;;;
store.steampowered.com/news/app/250900/The_Binding_of_Isaac_Rebirth/?updates=true;;;;;;;;;;;;
store.steampowered.com/news/app/397540/Borderlands_3/?updates=true;;;;;;;;;;;;
store.steampowered.com/news/app/1289670/EA_Play/?updates=true;;;;;;;;;;;;
store.steampowered.com/news/app/1274570/DEVOUR/?updates=true;;;;;;;;;;;;
store.steampowered.com/news/app/1466860/Age_of_Empires_IV/?updates=true;;;;;;;;;;;;
store.steampowered.com/news/app/1359090/Zero_Hour/?updates=true;;;;;;;;;;;;
store.steampowered.com/news/app/513710/SCUM/?updates=true;;;;;;;;;;;;
store.steampowered.com/news/app/700600/Evil_Genius_2_World_Domination/?updates=true;;;;;;;;;;;;
store.steampowered.com/news/app/1454400/Cookie_Clicker/?updates=true;;;;;;;;;;;;
store.steampowered.com/news/app/433340/Slime_Rancher/?updates=true;;;;;;;;;;;;
store.steampowered.com/news/app/1222140/Detroit_Become_Human/?updates=true;;;;;;;;;;;;
store.steampowered.com/news/app/323190/Frostpunk/?updates=true;;;;;;;;;;;;
store.steampowered.com/news/app/444090/Paladins/?updates=true;;;;;;;;;;;;
store.steampowered.com/news/app/377160/Fallout_4/?updates=true;;;;;;;;;;;;
store.steampowered.com/news/app/238960/Path_of_Exile/?updates=true;;;;;;;;;;;;
store.steampowered.com/news/app/977880/Eastward/?updates=true;;;;;;;;;;;;
store.steampowered.com/news/app/997010/Police_Simulator_Patrol_Officers/?updates=true;;;;;;;;;;;;
store.steampowered.com/news/app/1674170/Sprocket/?updates=true;;;;;;;;;;;;
store.steampowered.com/news/app/105600/Terraria/?updates=true;;;;;;;;;;;;
store.steampowered.com/news/app/677620/Splitgate/?updates=true;;;;;;;;;;;;
store.steampowered.com/news/app/1151640/Horizon_Zero_Dawn_Complete_Edition/?updates=true;;;;;;;;;;;;
store.steampowered.com/news/app/635260/CarX_Drift_Racing_Online/?updates=true;;;;;;;;;;;;
store.steampowered.com/news/app/996580/Spyro_Reignited_Trilogy/?updates=true;;;;;;;;;;;;
store.steampowered.com/news/app/976730/Halo_The_Master_Chief_Collection/?updates=true;;;;;;;;;;;;
store.steampowered.com/news/app/236850/Europa_Universalis_IV/?updates=true;;;;;;;;;;;;
store.steampowered.com/news/app/244210/Assetto_Corsa/?updates=true;;;;;;;;;;;;
store.steampowered.com/news/app/261550/Mount__Blade_II_Bannerlord/?updates=true;;;;;;;;;;;;
store.steampowered.com/news/app/582010/Monster_Hunter_World/?updates=true;;;;;;;;;;;;
store.steampowered.com/news/app/1263850/Football_Manager_2021/?updates=true;;;;;;;;;;;;
store.steampowered.com/news/app/1235140/Yakuza_Like_a_Dragon/?updates=true;;;;;;;;;;;;
store.steampowered.com/news/app/607080/Psychonauts_2/?updates=true;;;;;;;;;;;;
store.steampowered.com/news/app/435150/Divinity_Original_Sin_2__Definitive_Edition/?updates=true;;;;;;;;;;;;
store.steampowered.com/news/app/548430/Deep_Rock_Galactic/?updates=true;;;;;;;;;;;;
store.steampowered.com/news/app/393380/Squad/?updates=true;;;;;;;;;;;;
store.steampowered.com/news/app/1562420/FOREWARNED/?updates=true;;;;;;;;;;;;
store.steampowered.com/news/app/1259420/Days_Gone/?updates=true;;;;;;;;;;;;
store.steampowered.com/news/app/962130/Grounded/?updates=true;;;;;;;;;;;;
store.steampowered.com/news/app/1569040/Football_Manager_2022/?updates=true;;;;;;;;;;;;
store.steampowered.com/news/app/581320/Insurgency_Sandstorm/?updates=true;;;;;;;;;;;;
store.steampowered.com/news/app/1213210/Command__Conquer_Remastered_Collection/?updates=true;;;;;;;;;;;;
store.steampowered.com/news/app/555160/Pavlov_VR/?updates=true;;;;;;;;;;;;
store.steampowered.com/news/app/588650/Dead_Cells/?updates=true;;;;;;;;;;;;
store.steampowered.com/news/app/322330/Dont_Starve_Together/?updates=true;;;;;;;;;;;;
store.steampowered.com/news/app/387990/Scrap_Mechanic/?updates=true;;;;;;;;;;;;
store.steampowered.com/news/app/1509960/PICO_PARK/?updates=true;;;;;;;;;;;;
store.steampowered.com/news/app/464920/Surviving_Mars/?updates=true;;;;;;;;;;;;
store.steampowered.com/news/app/812140/Assassins_Creed_Odyssey/?updates=true;;;;;;;;;;;;
store.steampowered.com/news/app/997070/Marvels_Avengers/?updates=true;;;;;;;;;;;;
store.steampowered.com/news/app/1113000/Persona_4_Golden/?updates=true;;;;;;;;;;;;
store.steampowered.com/news/app/690790/DiRT_Rally_20/?updates=true;;;;;;;;;;;;
store.steampowered.com/news/app/753640/Outer_Wilds/?updates=true;;;;;;;;;;;;
store.steampowered.com/news/app/453480/Shadowverse_CCG/?updates=true;;;;;;;;;;;;
store.steampowered.com/news/app/244850/Space_Engineers/?updates=true;;;;;;;;;;;;
store.steampowered.com/news/app/460930/Tom_Clancys_Ghost_Recon_Wildlands/?updates=true;;;;;;;;;;;;
store.steampowered.com/news/app/231430/Company_of_Heroes_2/?updates=true;;;;;;;;;;;;
store.steampowered.com/news/app/221100/DayZ/?updates=true;;;;;;;;;;;;
store.steampowered.com/news/app/386180/Crossout/?updates=true;;;;;;;;;;;;
store.steampowered.com/news/app/1325200/Nioh_2__The_Complete_Edition/?updates=true;;;;;;;;;;;;
store.steampowered.com/news/app/287700/METAL_GEAR_SOLID_V_THE_PHANTOM_PAIN/?updates=true;;;;;;;;;;;;
store.steampowered.com/news/app/646910/The_Crew_2/?updates=true;;;;;;;;;;;;
store.steampowered.com/news/app/1352850/Citystate_II/?updates=true;;;;;;;;;;;;
store.steampowered.com/news/app/382310/Eco/?updates=true;;;;;;;;;;;;
store.steampowered.com/news/app/945360/Among_Us/?updates=true;;;;;;;;;;;;
store.steampowered.com/news/app/1158310/Crusader_Kings_III/?updates=true;;;;;;;;;;;;
store.steampowered.com/news/app/694280/Zombie_Army_4_Dead_War/?updates=true;;;;;;;;;;;;
store.steampowered.com/news/app/518790/theHunter_Call_of_the_Wild/?updates=true;;;;;;;;;;;;
store.steampowered.com/news/app/493340/Planet_Coaster/?updates=true;;;;;;;;;;;;
store.steampowered.com/news/app/9900/Star_Trek_Online/?updates=true;;;;;;;;;;;;
store.steampowered.com/news/app/440900/Conan_Exiles/?updates=true;;;;;;;;;;;;
store.steampowered.com/news/app/1489630/Carrier_Command_2/?updates=true;;;;;;;;;;;;
store.steampowered.com/news/app/488790/South_Park_The_Fractured_But_Whole/?updates=true;;;;;;;;;;;;
store.steampowered.com/news/app/392110/ENDLESS_Space_2/?updates=true;;;;;;;;;;;;
store.steampowered.com/news/app/304390/FOR_HONOR/?updates=true;;;;;;;;;;;;
store.steampowered.com/news/app/1338770/Sniper_Ghost_Warrior_Contracts_2/?updates=true;;;;;;;;;;;;
store.steampowered.com/news/app/805550/Assetto_Corsa_Competizione/?updates=true;;;;;;;;;;;;
store.steampowered.com/news/app/1307890/Kingdoms_Reborn/?updates=true;;;;;;;;;;;;
store.steampowered.com/news/app/1029780/Going_Medieval/?updates=true;;;;;;;;;;;;
store.steampowered.com/news/app/784080/MechWarrior_5_Mercenaries/?updates=true;;;;;;;;;;;;
store.steampowered.com/news/app/1271700/HOT_WHEELS_UNLEASHED/?updates=true;;;;;;;;;;;;
store.steampowered.com/news/app/1522820/Orcs_Must_Die_3/?updates=true;;;;;;;;;;;;
store.steampowered.com/news/app/1384160/GUILTY_GEAR_STRIVE/?updates=true;;;;;;;;;;;;
store.steampowered.com/news/app/216150/MapleStory/?updates=true;;;;;;;;;;;;
store.steampowered.com/news/app/367520/Hollow_Knight/?updates=true;;;;;;;;;;;;
store.steampowered.com/news/app/613100/House_Flipper/?updates=true;;;;;;;;;;;;
store.steampowered.com/news/app/457140/Oxygen_Not_Included/?updates=true;;;;;;;;;;;;
store.steampowered.com/news/app/1328660/Need_for_Speed_Hot_Pursuit_Remastered/?updates=true;;;;;;;;;;;;
store.steampowered.com/news/app/815370/Green_Hell/?updates=true;;;;;;;;;;;;
store.steampowered.com/news/app/412020/Metro_Exodus/?updates=true;;;;;;;;;;;;
store.steampowered.com/news/app/1552550/Castlevania_Advance_Collection/?updates=true;;;;;;;;;;;;
store.steampowered.com/news/app/239140/Dying_Light/?updates=true;;;;;;;;;;;;
store.steampowered.com/news/app/379430/Kingdom_Come_Deliverance/?updates=true;;;;;;;;;;;;
store.steampowered.com/news/app/228380/Wreckfest/?updates=true;;;;;;;;;;;;
store.steampowered.com/news/app/552520/Far_Cry_5/?updates=true;;;;;;;;;;;;
store.steampowered.com/news/app/550/Left_4_Dead_2/?updates=true;;;;;;;;;;;;
store.steampowered.com/news/app/731490/Crash_Bandicoot_N_Sane_Trilogy/?updates=true;;;;;;;;;;;;
store.steampowered.com/news/app/374320/DARK_SOULS_III/?updates=true;;;;;;;;;;;;
store.steampowered.com/news/app/42700/Call_of_Duty_Black_Ops/?updates=true;;;;;;;;;;;;
store.steampowered.com/news/app/1313860/EA_SPORTS_FIFA_21/?updates=true;;;;;;;;;;;;
store.steampowered.com/news/app/1158850/The_Great_Ace_Attorney_Chronicles/?updates=true;;;;;;;;;;;;
store.steampowered.com/news/app/223750/DCS_World_Steam_Edition/?updates=true;;;;;;;;;;;;
store.steampowered.com/news/app/1016800/Chernobylite/?updates=true;;;;;;;;;;;;
store.steampowered.com/news/app/719640/War_Planet_Online_Global_Conquest/?updates=true;;;;;;;;;;;;
store.steampowered.com/news/app/391540/Undertale/?updates=true;;;;;;;;;;;;
store.steampowered.com/news/app/632470/Disco_Elysium__The_Final_Cut/?updates=true;;;;;;;;;;;;
store.steampowered.com/news/app/8500/EVE_Online/?updates=true;;;;;;;;;;;;
store.steampowered.com/news/app/881100/Noita/?updates=true;;;;;;;;;;;;
store.steampowered.com/news/app/286160/Tabletop_Simulator/?updates=true;;;;;;;;;;;;
store.steampowered.com/news/app/108600/Project_Zomboid/?updates=true;;;;;;;;;;;;
store.steampowered.com/news/app/620/Portal_2/?updates=true;;;;;;;;;;;;
store.steampowered.com/news/app/814380/Sekiro_Shadows_Die_Twice__GOTY_Edition/?updates=true;;;;;;;;;;;;
store.steampowered.com/news/app/1462570/Lost_in_Random/?updates=true;;;;;;;;;;;;
store.steampowered.com/news/app/629730/Blade_and_Sorcery/?updates=true;;;;;;;;;;;;
store.steampowered.com/news/app/880940/Pummel_Party/?updates=true;;;;;;;;;;;;
store.steampowered.com/news/app/4000/Garrys_Mod/?updates=true;;;;;;;;;;;;
store.steampowered.com/news/app/225540/Just_Cause_3/?updates=true;;;;;;;;;;;;
store.steampowered.com/news/app/492720/Tropico_6/?updates=true;;;;;;;;;;;;
store.steampowered.com/news/app/380600/Fishing_Planet/?updates=true;;;;;;;;;;;;
store.steampowered.com/news/app/632360/Risk_of_Rain_2/?updates=true;;;;;;;;;;;;
store.steampowered.com/news/app/8930/Sid_Meiers_Civilization_V/?updates=true;;;;;;;;;;;;
store.steampowered.com/news/app/1386780/City_of_Gangsters/?updates=true;;;;;;;;;;;;
store.steampowered.com/news/app/233450/Prison_Architect/?updates=true;;;;;;;;;;;;
store.steampowered.com/news/app/1466640/Road_96/?updates=true;;;;;;;;;;;;
store.steampowered.com/news/app/1472560/I_Am_Fish/?updates=true;;;;;;;;;;;;
store.steampowered.com/news/app/1291340/Townscaper/?updates=true;;;;;;;;;;;;
store.steampowered.com/news/app/1368820/RollerCoaster_Tycoon_3_Complete_Edition/?updates=true;;;;;;;;;;;;
store.steampowered.com/news/app/633230/NARUTO_TO_BORUTO_SHINOBI_STRIKER/?updates=true;;;;;;;;;;;;
store.steampowered.com/news/app/757310/Sable/?updates=true;;;;;;;;;;;;
store.steampowered.com/news/app/201270/Total_War_SHOGUN_2/?updates=true;;;;;;;;;;;;
store.steampowered.com/news/app/1158370/Aragami_2/?updates=true;;;;;;;;;;;;
store.steampowered.com/news/app/1404210/Red_Dead_Online/?updates=true;;;;;;;;;;;;
store.steampowered.com/news/app/899770/Last_Epoch/?updates=true;;;;;;;;;;;;
store.steampowered.com/news/app/356190/Middleearth_Shadow_of_War/?updates=true;;;;;;;;;;;;
store.steampowered.com/news/app/509980/BIGFOOT/?updates=true;;;;;;;;;;;;
store.steampowered.com/news/app/1062160/Poly_Bridge_2/?updates=true;;;;;;;;;;;;
store.steampowered.com/news/app/848450/Subnautica_Below_Zero/?updates=true;;;;;;;;;;;;
store.steampowered.com/news/app/1139900/Ghostrunner/?updates=true;;;;;;;;;;;;
store.steampowered.com/news/app/1066780/Transport_Fever_2/?updates=true;;;;;;;;;;;;
store.steampowered.com/news/app/627690/Idle_Champions_of_the_Forgotten_Realms/?updates=true;;;;;;;;;;;;
store.steampowered.com/news/app/1217060/Gunfire_Reborn/?updates=true;;;;;;;;;;;;
store.steampowered.com/news/app/979690/The_Ascent/?updates=true;;;;;;;;;;;;
store.steampowered.com/news/app/1238810/Battlefield_V/?updates=true;;;;;;;;;;;;
store.steampowered.com/news/app/431240/Golf_With_Your_Friends/?updates=true;;;;;;;;;;;;
store.steampowered.com/news/app/1258080/Shop_Titans/?updates=true;;;;;;;;;;;;
store.steampowered.com/news/app/570940/DARK_SOULS_REMASTERED/?updates=true;;;;;;;;;;;;
store.steampowered.com/news/app/47890/The_Sims_3/?updates=true;;;;;;;;;;;;
store.steampowered.com/news/app/1366540/Dyson_Sphere_Program/?updates=true;;;;;;;;;;;;
store.steampowered.com/news/app/325610/Total_War_ATTILA/?updates=true;;;;;;;;;;;;
store.steampowered.com/news/app/1244460/Jurassic_World_Evolution_2/?updates=true;;;;;;;;;;;;
store.steampowered.com/news/app/760160/Vampire_The_Masquerade__Bloodhunt/?updates=true;;;;;;;;;;;;
store.steampowered.com/news/app/436150/Governor_of_Poker_3/?updates=true;;;;;;;;;;;;
store.steampowered.com/news/app/567640/Danganronpa_V3_Killing_Harmony/?updates=true;;;;;;;;;;;;
store.steampowered.com/news/app/264710/Subnautica/?updates=true;;;;;;;;;;;;
store.steampowered.com/news/app/287980/Mini_Metro/?updates=true;;;;;;;;;;;;
store.steampowered.com/news/app/476600/Call_of_Duty_WWII/?updates=true;;;;;;;;;;;;
store.steampowered.com/news/app/466560/Northgard/?updates=true;;;;;;;;;;;;
store.steampowered.com/news/app/1549970/Aliens_Fireteam_Elite/?updates=true;;;;;;;;;;;;
store.steampowered.com/news/app/517630/Just_Cause_4_Reloaded/?updates=true;;;;;;;;;;;;
store.steampowered.com/news/app/403640/Dishonored_2/?updates=true;;;;;;;;;;;;
store.steampowered.com/news/app/648350/Jurassic_World_Evolution/?updates=true;;;;;;;;;;;;
store.steampowered.com/news/app/268910/Cuphead/?updates=true;;;;;;;;;;;;
store.steampowered.com/news/app/885970/Total_War_ROME_REMASTERED/?updates=true;;;;;;;;;;;;
store.steampowered.com/news/app/972660/Spiritfarer/?updates=true;;;;;;;;;;;;
store.steampowered.com/news/app/269950/XPlane_11/?updates=true;;;;;;;;;;;;
store.steampowered.com/news/app/841190/Honey_I_Joined_a_Cult/?updates=true;;;;;;;;;;;;
store.steampowered.com/news/app/285900/Gang_Beasts/?updates=true;;;;;;;;;;;;
store.steampowered.com/news/app/508440/Totally_Accurate_Battle_Simulator/?updates=true;;;;;;;;;;;;
store.steampowered.com/news/app/251570/7_Days_to_Die/?updates=true;;;;;;;;;;;;
store.steampowered.com/news/app/763890/Wildermyth/?updates=true;;;;;;;;;;;;
store.steampowered.com/news/app/252530/OMSI_2_Steam_Edition/?updates=true;;;;;;;;;;;;
store.steampowered.com/news/app/602960/Barotrauma/?updates=true;;;;;;;;;;;;
store.steampowered.com/news/app/394360/Hearts_of_Iron_IV/?updates=true;;;;;;;;;;;;
store.steampowered.com/news/app/1476970/Legends_of_IdleOn__Idle_MMO/?updates=true;;;;;;;;;;;;
store.steampowered.com/news/app/1255560/Myst/?updates=true;;;;;;;;;;;;
store.steampowered.com/news/app/470220/UNO/?updates=true;;;;;;;;;;;;
store.steampowered.com/news/app/219990/Grim_Dawn/?updates=true;;;;;;;;;;;;
store.steampowered.com/news/app/1413480/Shin_Megami_Tensei_III_Nocturne_HD_Remaster/?updates=true;;;;;;;;;;;;
store.steampowered.com/news/app/1166860/Rival_Stars_Horse_Racing_Desktop_Edition/?updates=true;;;;;;;;;;;;
store.steampowered.com/news/app/629820/Maneater/?updates=true;;;;;;;;;;;;
store.steampowered.com/news/app/646570/Slay_the_Spire/?updates=true;;;;;;;;;;;;
store.steampowered.com/news/app/291480/Warface/?updates=true;;;;;;;;;;;;
store.steampowered.com/news/app/640820/Pathfinder_Kingmaker__Enhanced_Plus_Edition/?updates=true;;;;;;;;;;;;
store.steampowered.com/news/app/1190460/DEATH_STRANDING/?updates=true;;;;;;;;;;;;
store.steampowered.com/news/app/1418100/Swords_of_Legends_Online/?updates=true;;;;;;;;;;;;
store.steampowered.com/news/app/761890/Albion_Online/?updates=true;;;;;;;;;;;;
store.steampowered.com/news/app/376210/The_Isle/?updates=true;;;;;;;;;;;;
store.steampowered.com/news/app/362890/Black_Mesa/?updates=true;;;;;;;;;;;;
store.steampowered.com/news/app/617290/Remnant_From_the_Ashes/?updates=true;;;;;;;;;;;;
store.steampowered.com/news/app/327030/Worms_WMD/?updates=true;;;;;;;;;;;;
store.steampowered.com/news/app/359320/Elite_Dangerous/?updates=true;;;;;;;;;;;;
store.steampowered.com/news/app/782330/DOOM_Eternal/?updates=true;;;;;;;;;;;;
store.steampowered.com/news/app/719040/Wasteland_3/?updates=true;;;;;;;;;;;;
store.steampowered.com/news/app/49520/Borderlands_2/?updates=true;;;;;;;;;;;;
store.steampowered.com/news/app/1061090/Jump_King/?updates=true;;;;;;;;;;;;
store.steampowered.com/news/app/1097200/Twelve_Minutes/?updates=true;;;;;;;;;;;;
store.steampowered.com/news/app/894020/Deaths_Door/?updates=true;;;;;;;;;;;;
store.steampowered.com/news/app/313120/Stranded_Deep/?updates=true;;;;;;;;;;;;
store.steampowered.com/news/app/674940/Stick_Fight_The_Game/?updates=true;;;;;;;;;;;;
store.steampowered.com/news/app/12120/Grand_Theft_Auto_San_Andreas/?updates=true;;;;;;;;;;;;
store.steampowered.com/news/app/1240440/Halo_Infinite/?updates=true;;;;;;;;;;;;
store.steampowered.com/news/app/1172380/STAR_WARS_Jedi_Fallen_Order/?updates=true;;;;;;;;;;;;
store.steampowered.com/news/app/874260/The_Forgotten_City/?updates=true;;;;;;;;;;;;
store.steampowered.com/news/app/1041320/Lords_Mobile/?updates=true;;;;;;;;;;;;
store.steampowered.com/news/app/218230/PlanetSide_2/?updates=true;;;;;;;;;;;;
store.steampowered.com/news/app/1118240/Lake/?updates=true;;;;;;;;;;;;
store.steampowered.com/news/app/948740/AI_The_Somnium_Files/?updates=true;;;;;;;;;;;;
store.steampowered.com/news/app/858810/Dawn_of_Man/?updates=true;;;;;;;;;;;;
store.steampowered.com/news/app/371970/Barony/?updates=true;;;;;;;;;;;;
store.steampowered.com/news/app/775500/SCARLET_NEXUS/?updates=true;;;;;;;;;;;;
store.steampowered.com/news/app/453090/Parkitect/?updates=true;;;;;;;;;;;;
store.steampowered.com/news/app/858820/Tribes_of_Midgard/?updates=true;;;;;;;;;;;;
store.steampowered.com/news/app/872410/ROMANCE_OF_THE_THREE_KINGDOMS_XIV/?updates=true;;;;;;;;;;;;
store.steampowered.com/news/app/1135300/Kings_Bounty_II/?updates=true;;;;;;;;;;;;
store.steampowered.com/news/app/1121560/Atelier_Ryza_Ever_Darkness__the_Secret_Hideout/?updates=true;;;;;;;;;;;;
store.steampowered.com/news/app/1390350/Webbed/?updates=true;;;;;;;;;;;;
store.steampowered.com/news/app/823500/BONEWORKS/?updates=true;;;;;;;;;;;;
store.steampowered.com/news/app/728880/Overcooked_2/?updates=true;;;;;;;;;;;;
store.steampowered.com/news/app/1538570/Patron/?updates=true;;;;;;;;;;;;
store.steampowered.com/news/app/1623660/MIR4/?updates=true;;;;;;;;;;;;
store.steampowered.com/news/app/438100/VRChat/?updates=true;;;;;;;;;;;;
store.steampowered.com/news/app/1150690/OMORI/?updates=true;;;;;;;;;;;;
store.steampowered.com/news/app/585420/Trailmakers/?updates=true;;;;;;;;;;;;
store.steampowered.com/news/app/289130/ENDLESS_Legend/?updates=true;;;;;;;;;;;;
store.steampowered.com/news/app/1480560/Lawn_Mowing_Simulator/?updates=true;;;;;;;;;;;;
store.steampowered.com/news/app/1434950/HighFleet/?updates=true;;;;;;;;;;;;
store.steampowered.com/news/app/1289380/Sheltered_2/?updates=true;;;;;;;;;;;;
store.steampowered.com/news/app/413410/Danganronpa_Trigger_Happy_Havoc/?updates=true;;;;;;;;;;;;
store.steampowered.com/news/app/573090/Stormworks_Build_and_Rescue/?updates=true;;;;;;;;;;;;
store.steampowered.com/news/app/1618540/Ghost_Hunters_Corp/?updates=true;;;;;;;;;;;;
store.steampowered.com/news/app/638970/Yakuza_0/?updates=true;;;;;;;;;;;;
store.steampowered.com/news/app/454120/Starbase/?updates=true;;;;;;;;;;;;
store.steampowered.com/news/app/1238860/Battlefield_4/?updates=true;;;;;;;;;;;;
store.steampowered.com/news/app/212500/The_Lord_of_the_Rings_Online/?updates=true;;;;;;;;;;;;
store.steampowered.com/news/app/1400970/The_Elder_Scrolls_Online__Blackwood/?updates=true;;;;;;;;;;;;
store.steampowered.com/news/app/690830/Foundation/?updates=true;;;;;;;;;;;;
store.steampowered.com/news/app/1150640/YuGiOh_Legacy_of_the_Duelist__Link_Evolution/?updates=true;;;;;;;;;;;;
store.steampowered.com/news/app/22380/Fallout_New_Vegas/?updates=true;;;;;;;;;;;;
store.steampowered.com/news/app/1392960/STORY_OF_SEASONS_Pioneers_of_Olive_Town/?updates=true;;;;;;;;;;;;
store.steampowered.com/news/app/213670/South_Park_The_Stick_of_Truth/?updates=true;;;;;;;;;;;;
store.steampowered.com/news/app/1455840/Dorfromantik/?updates=true;;;;;;;;;;;;
store.steampowered.com/news/app/211500/RaceRoom_Racing_Experience/?updates=true;;;;;;;;;;;;
store.steampowered.com/news/app/1229490/ULTRAKILL/?updates=true;;;;;;;;;;;;
store.steampowered.com/news/app/1262580/Need_for_Speed_Payback/?updates=true;;;;;;;;;;;;
store.steampowered.com/news/app/220200/Kerbal_Space_Program/?updates=true;;;;;;;;;;;;
store.steampowered.com/news/app/601150/Devil_May_Cry_5/?updates=true;;;;;;;;;;;;
store.steampowered.com/news/app/262060/Darkest_Dungeon/?updates=true;;;;;;;;;;;;
store.steampowered.com/news/app/916840/The_Walking_Dead_Saints__Sinners/?updates=true;;;;;;;;;;;;
store.steampowered.com/news/app/851850/DRAGON_BALL_Z_KAKAROT/?updates=true;;;;;;;;;;;;
store.steampowered.com/news/app/383120/Empyrion__Galactic_Survival/?updates=true;;;;;;;;;;;;
store.steampowered.com/news/app/1283410/Tails_of_Iron/?updates=true;;;;;;;;;;;;
store.steampowered.com/news/app/450540/Hot_Dogs_Horseshoes__Hand_Grenades/?updates=true;;;;;;;;;;;;
store.steampowered.com/news/app/750920/Shadow_of_the_Tomb_Raider_Definitive_Edition/?updates=true;;;;;;;;;;;;
store.steampowered.com/news/app/10090/Call_of_Duty_World_at_War/?updates=true;;;;;;;;;;;;
store.steampowered.com/news/app/386940/Ultimate_Chicken_Horse/?updates=true;;;;;;;;;;;;
store.steampowered.com/news/app/1388590/Yakuza_6_The_Song_of_Life/?updates=true;;;;;;;;;;;;
store.steampowered.com/news/app/413420/Danganronpa_2_Goodbye_Despair/?updates=true;;;;;;;;;;;;
store.steampowered.com/news/app/393080/Call_of_Duty_Modern_Warfare_Remastered/?updates=true;;;;;;;;;;;;
store.steampowered.com/news/app/927380/Yakuza_Kiwami_2/?updates=true;;;;;;;;;;;;
store.steampowered.com/news/app/960990/Beyond_Two_Souls/?updates=true;;;;;;;;;;;;
store.steampowered.com/news/app/238090/Sniper_Elite_3/?updates=true;;;;;;;;;;;;
store.steampowered.com/news/app/1377580/Soulworker/?updates=true;;;;;;;;;;;;
store.steampowered.com/news/app/985810/GrandChase/?updates=true;;;;;;;;;;;;
store.steampowered.com/news/app/268500/XCOM_2/?updates=true;;;;;;;;;;;;
store.steampowered.com/news/app/1057090/Ori_and_the_Will_of_the_Wisps/?updates=true;;;;;;;;;;;;
store.steampowered.com/news/app/1134100/Frozenheim/?updates=true;;;;;;;;;;;;
store.steampowered.com/news/app/860510/Little_Nightmares_II/?updates=true;;;;;;;;;;;;
store.steampowered.com/news/app/17390/SPORE/?updates=true;;;;;;;;;;;;
store.steampowered.com/news/app/641320/Cooking_Simulator/?updates=true;;;;;;;;;;;;
store.steampowered.com/news/app/895400/Deadside/?updates=true;;;;;;;;;;;;
store.steampowered.com/news/app/437920/Tricky_Towers/?updates=true;;;;;;;;;;;;
store.steampowered.com/news/app/227940/Heroes__Generals/?updates=true;;;;;;;;;;;;
store.steampowered.com/news/app/1118200/People_Playground/?updates=true;;;;;;;;;;;;
store.steampowered.com/news/app/1577620/The_Signal_State/?updates=true;;;;;;;;;;;;
store.steampowered.com/news/app/239030/Papers_Please/?updates=true;;;;;;;;;;;;
store.steampowered.com/news/app/4700/Total_War_MEDIEVAL_II__Definitive_Edition/?updates=true;;;;;;;;;;;;
store.steampowered.com/news/app/1016920/Unrailed/?updates=true;;;;;;;;;;;;
store.steampowered.com/news/app/560130/Pillars_of_Eternity_II_Deadfire/?updates=true;;;;;;;;;;;;
store.steampowered.com/news/app/202970/Call_of_Duty_Black_Ops_II/?updates=true;;;;;;;;;;;;
store.steampowered.com/news/app/1106840/Hydroneer/?updates=true;;;;;;;;;;;;
store.steampowered.com/news/app/304050/Trove/?updates=true;;;;;;;;;;;;
store.steampowered.com/news/app/200210/Realm_of_the_Mad_God_Exalt/?updates=true;;;;;;;;;;;;
store.steampowered.com/news/app/307960/IL2_Sturmovik_Battle_of_Stalingrad/?updates=true;;;;;;;;;;;;
store.steampowered.com/news/app/230290/Universe_Sandbox/?updates=true;;;;;;;;;;;;
store.steampowered.com/news/app/460790/Bayonetta/?updates=true;;;;;;;;;;;;
store.steampowered.com/news/app/1009560/The_Tenants/?updates=true;;;;;;;;;;;;
store.steampowered.com/news/app/1302240/Labyrinthine/?updates=true;;;;;;;;;;;;
store.steampowered.com/news/app/349040/NARUTO_SHIPPUDEN_Ultimate_Ninja_STORM_4/?updates=true;;;;;;;;;;;;
store.steampowered.com/news/app/655500/MX_Bikes/?updates=true;;;;;;;;;;;;
store.steampowered.com/news/app/1284410/GWENT_The_Witcher_Card_Game/?updates=true;;;;;;;;;;;;
store.steampowered.com/news/app/752480/Sniper_Elite_VR/?updates=true;;;;;;;;;;;;
store.steampowered.com/news/app/803330/Destroy_All_Humans/?updates=true;;;;;;;;;;;;
store.steampowered.com/news/app/1119730/Ranch_Simulator/?updates=true;;;;;;;;;;;;
store.steampowered.com/news/app/379720/DOOM/?updates=true;;;;;;;;;;;;
store.steampowered.com/news/app/821880/Idol_Manager/?updates=true;;;;;;;;;;;;
store.steampowered.com/news/app/1239080/Door_Kickers_2_Task_Force_North/?updates=true;;;;;;;;;;;;
store.steampowered.com/news/app/644930/They_Are_Billions/?updates=true;;;;;;;;;;;;
store.steampowered.com/news/app/1162750/Songs_of_Syx/?updates=true;;;;;;;;;;;;
store.steampowered.com/news/app/109600/Neverwinter/?updates=true;;;;;;;;;;;;
store.steampowered.com/news/app/870780/Control_Ultimate_Edition/?updates=true;;;;;;;;;;;;
store.steampowered.com/news/app/12210/Grand_Theft_Auto_IV_The_Complete_Edition/?updates=true;;;;;;;;;;;;
store.steampowered.com/news/app/977950/A_Dance_of_Fire_and_Ice/?updates=true;;;;;;;;;;;;
store.steampowered.com/news/app/232090/Killing_Floor_2/?updates=true;;;;;;;;;;;;
store.steampowered.com/news/app/1462810/WRC_10_FIA_World_Rally_Championship/?updates=true;;;;;;;;;;;;
store.steampowered.com/news/app/919640/Steel_Division_2/?updates=true;;;;;;;;;;;;
store.steampowered.com/news/app/1113560/NieR_Replicant_ver122474487139/?updates=true;;;;;;;;;;;;
store.steampowered.com/news/app/1432860/Sun_Haven/?updates=true;;;;;;;;;;;;
store.steampowered.com/news/app/678960/CODE_VEIN/?updates=true;;;;;;;;;;;;
store.steampowered.com/news/app/418370/Resident_Evil_7_Biohazard/?updates=true;;;;;;;;;;;;
store.steampowered.com/news/app/563840/LOST_EMBER/?updates=true;;;;;;;;;;;;
store.steampowered.com/news/app/244450/Men_of_War_Assault_Squad_2/?updates=true;;;;;;;;;;;;
store.steampowered.com/news/app/389730/TEKKEN_7/?updates=true;;;;;;;;;;;;
store.steampowered.com/news/app/1369630/ENDER_LILIES_Quietus_of_the_Knights/?updates=true;;;;;;;;;;;;
store.steampowered.com/news/app/292730/Call_of_Duty_Infinite_Warfare/?updates=true;;;;;;;;;;;;
store.steampowered.com/news/app/493490/City_Car_Driving/?updates=true;;;;;;;;;;;;
store.steampowered.com/news/app/266840/Age_of_Mythology_Extended_Edition/?updates=true;;;;;;;;;;;;
store.steampowered.com/news/app/824270/KovaaK_20/?updates=true;;;;;;;;;;;;
store.steampowered.com/news/app/901583/Grand_Theft_Auto_IV_Complete_Edition/?updates=true;;;;;;;;;;;;
store.steampowered.com/news/app/1225330/NBA_2K21/?updates=true;;;;;;;;;;;;
store.steampowered.com/news/app/780290/Gloomhaven/?updates=true;;;;;;;;;;;;
store.steampowered.com/news/app/1080110/F1_2020/?updates=true;;;;;;;;;;;;
store.steampowered.com/news/app/834530/Yakuza_Kiwami/?updates=true;;;;;;;;;;;;
store.steampowered.com/news/app/766570/Russian_Fishing_4/?updates=true;;;;;;;;;;;;
store.steampowered.com/news/app/516750/My_Summer_Car/?updates=true;;;;;;;;;;;;
store.steampowered.com/news/app/491540/The_Bus/?updates=true;;;;;;;;;;;;
store.steampowered.com/news/app/629760/MORDHAU/?updates=true;;;;;;;;;;;;
store.steampowered.com/news/app/976310/Mortal_Kombat11/?updates=true;;;;;;;;;;;;
store.steampowered.com/news/app/489520/Minion_Masters/?updates=true;;;;;;;;;;;;
store.steampowered.com/news/app/1265920/Life_is_Strange_Remastered/?updates=true;;;;;;;;;;;;
store.steampowered.com/news/app/400/Portal/?updates=true;;;;;;;;;;;;
store.steampowered.com/news/app/793460/112_Operator/?updates=true;;;;;;;;;;;;
store.steampowered.com/news/app/1003590/Tetris_Effect_Connected/?updates=true;;;;;;;;;;;;
store.steampowered.com/news/app/221680/Rocksmith_2014_Edition__Remastered/?updates=true;;;;;;;;;;;;
store.steampowered.com/news/app/319630/Life_is_Strange__Episode_1/?updates=true;;;;;;;;;;;;
store.steampowered.com/news/app/571740/Golf_It/?updates=true;;;;;;;;;;;;
store.steampowered.com/news/app/1069640/This_Land_Is_My_Land/?updates=true;;;;;;;;;;;;
store.steampowered.com/news/app/611790/House_Party/?updates=true;;;;;;;;;;;;
store.steampowered.com/news/app/365360/Battle_Brothers/?updates=true;;;;;;;;;;;;
store.steampowered.com/news/app/745920/Temtem/?updates=true;;;;;;;;;;;;
store.steampowered.com/news/app/728740/Sniper_Elite_V2_Remastered/?updates=true;;;;;;;;;;;;
store.steampowered.com/news/app/921800/Encased_A_SciFi_PostApocalyptic_RPG/?updates=true;;;;;;;;;;;;
store.steampowered.com/news/app/240720/Getting_Over_It_with_Bennett_Foddy/?updates=true;;;;;;;;;;;;
store.steampowered.com/news/app/10180/Call_of_Duty_Modern_Warfare_2/?updates=true;;;;;;;;;;;;
store.steampowered.com/news/app/712100/A_Total_War_Saga_THRONES_OF_BRITANNIA/?updates=true;;;;;;;;;;;;
store.steampowered.com/news/app/1356280/Kitaria_Fables/?updates=true;;;;;;;;;;;;
store.steampowered.com/news/app/205100/Dishonored/?updates=true;;;;;;;;;;;;
store.steampowered.com/news/app/736260/Baba_Is_You/?updates=true;;;;;;;;;;;;
store.steampowered.com/news/app/459820/Crush_Crush/?updates=true;;;;;;;;;;;;
store.steampowered.com/news/app/787480/Phoenix_Wright_Ace_Attorney_Trilogy/?updates=true;;;;;;;;;;;;
store.steampowered.com/news/app/495420/State_of_Decay_2_Juggernaut_Edition/?updates=true;;;;;;;;;;;;
store.steampowered.com/news/app/301640/Zombie_Army_Trilogy/?updates=true;;;;;;;;;;;;
store.steampowered.com/news/app/1382330/Persona_5_Strikers/?updates=true;;;;;;;;;;;;
store.steampowered.com/news/app/900883/The_Elder_Scrolls_IV_Oblivion_Game_of_the_Year_Edition_Deluxe/?updates=true;;;;;;;;;;;;
store.steampowered.com/news/app/335300/DARK_SOULS_II_Scholar_of_the_First_Sin/?updates=true;;;;;;;;;;;;
store.steampowered.com/news/app/967050/Pacify/?updates=true;;;;;;;;;;;;
store.steampowered.com/news/app/1038250/DIRT_5/?updates=true;;;;;;;;;;;;
store.steampowered.com/news/app/1259970/eFootball_PES_2021_SEASON_UPDATE/?updates=true;;;;;;;;;;;;
store.steampowered.com/news/app/55150/Warhammer_40000_Space_Marine__Anniversary_Edition/?updates=true;;;;;;;;;;;;
store.steampowered.com/news/app/532210/Life_is_Strange_2/?updates=true;;;;;;;;;;;;
store.steampowered.com/news/app/863550/HITMAN_2/?updates=true;;;;;;;;;;;;
store.steampowered.com/news/app/1110910/Mortal_Shell/?updates=true;;;;;;;;;;;;
store.steampowered.com/news/app/1262560/Need_for_Speed_Most_Wanted/?updates=true;;;;;;;;;;;;
store.steampowered.com/news/app/702320/March_of_Empires/?updates=true;;;;;;;;;;;;
store.steampowered.com/news/app/1054490/Wingspan/?updates=true;;;;;;;;;;;;
store.steampowered.com/news/app/1573720/Agatha_Christie__Hercule_Poirot_The_First_Cases/?updates=true;;;;;;;;;;;;
store.steampowered.com/news/app/311310/Naval_Action/?updates=true;;;;;;;;;;;;
store.steampowered.com/news/app/322170/Geometry_Dash/?updates=true;;;;;;;;;;;;
store.steampowered.com/news/app/233860/Kenshi/?updates=true;;;;;;;;;;;;
store.steampowered.com/news/app/641990/The_Escapists_2/?updates=true;;;;;;;;;;;;
store.steampowered.com/news/app/389430/Knight_Online/?updates=true;;;;;;;;;;;;
store.steampowered.com/news/app/678950/DRAGON_BALL_FighterZ/?updates=true;;;;;;;;;;;;
store.steampowered.com/news/app/378860/Project_CARS_2/?updates=true;;;;;;;;;;;;
store.steampowered.com/news/app/477160/Human_Fall_Flat/?updates=true;;;;;;;;;;;;
store.steampowered.com/news/app/1124180/Rail_Route/?updates=true;;;;;;;;;;;;
store.steampowered.com/news/app/22330/The_Elder_Scrolls_IV_Oblivion_Game_of_the_Year_Edition/?updates=true;;;;;;;;;;;;
store.steampowered.com/news/app/1450180/Haunt_Chaser/?updates=true;;;;;;;;;;;;
store.steampowered.com/news/app/1277400/Monster_Hunter_Stories_2_Wings_of_Ruin/?updates=true;;;;;;;;;;;;
store.steampowered.com/news/app/1040420/Dreamscaper/?updates=true;;;;;;;;;;;;
store.steampowered.com/news/app/2310/QUAKE/?updates=true;;;;;;;;;;;;
store.steampowered.com/news/app/8870/BioShock_Infinite/?updates=true;;;;;;;;;;;;
store.steampowered.com/news/app/1062000/Starmancer/?updates=true;;;;;;;;;;;;
store.steampowered.com/news/app/872200/Rogue_Company/?updates=true;;;;;;;;;;;;
store.steampowered.com/news/app/56437/Warhammer_40000_Dawn_of_War_II_Retribution/?updates=true;;;;;;;;;;;;
store.steampowered.com/news/app/314160/Microsoft_Flight_Simulator_X_Steam_Edition/?updates=true;;;;;;;;;;;;
store.steampowered.com/news/app/569480/Kingdoms_and_Castles/?updates=true;;;;;;;;;;;;
store.steampowered.com/news/app/1591530/SAMURAI_WARRIORS_5/?updates=true;;;;;;;;;;;;
store.steampowered.com/news/app/1016120/PGA_TOUR_2K21/?updates=true;;;;;;;;;;;;
store.steampowered.com/news/app/1301210/Knockout_City/?updates=true;;;;;;;;;;;;
store.steampowered.com/news/app/219740/Dont_Starve/?updates=true;;;;;;;;;;;;
store.steampowered.com/news/app/17480/Command__Conquer_Red_Alert_3/?updates=true;;;;;;;;;;;;
store.steampowered.com/news/app/394690/Tower_Unite/?updates=true;;;;;;;;;;;;
store.steampowered.com/news/app/848480/Creeper_World_4/?updates=true;;;;;;;;;;;;
store.steampowered.com/news/app/203770/Crusader_Kings_II/?updates=true;;;;;;;;;;;;
store.steampowered.com/news/app/221380/Age_of_Empires_II_2013/?updates=true;;;;;;;;;;;;
store.steampowered.com/news/app/341800/Keep_Talking_and_Nobody_Explodes/?updates=true;;;;;;;;;;;;
store.steampowered.com/news/app/1196590/Resident_Evil_Village/?updates=true;;;;;;;;;;;;
store.steampowered.com/news/app/563840/LOST_EMBER/?updates=true;;;;;;;;;;;;
store.steampowered.com/news/app/991170/Barn_Finders/?updates=true;;;;;;;;;;;;
store.steampowered.com/news/app/1453850/Pro_Cycling_Manager_2021/?updates=true;;;;;;;;;;;;
store.steampowered.com/news/app/673610/Airport_CEO/?updates=true;;;;;;;;;;;;
store.steampowered.com/news/app/337320/Paint_the_Town_Red/?updates=true;;;;;;;;;;;;
store.steampowered.com/news/app/1499120/I_Expect_You_To_Die_2/?updates=true;;;;;;;;;;;;
store.steampowered.com/news/app/34030/Total_War_NAPOLEON__Definitive_Edition/?updates=true;;;;;;;;;;;;
store.steampowered.com/news/app/312670/Strange_Brigade/?updates=true;;;;;;;;;;;;
store.steampowered.com/news/app/400750/Call_to_Arms__Gates_of_Hell_Ostfront/?updates=true;;;;;;;;;;;;
store.steampowered.com/news/app/480490/Prey/?updates=true;;;;;;;;;;;;
store.steampowered.com/news/app/606280/Darksiders_III/?updates=true;;;;;;;;;;;;
store.steampowered.com/news/app/637650/FINAL_FANTASY_XV_WINDOWS_EDITION/?updates=true;;;;;;;;;;;;
store.steampowered.com/news/app/1149460/ICARUS/?updates=true;;;;;;;;;;;;
store.steampowered.com/news/app/1715130/Crysis_Remastered/?updates=true;;;;;;;;;;;;
store.steampowered.com/news/app/865360/We_Were_Here_Together/?updates=true;;;;;;;;;;;;
store.steampowered.com/news/app/1307550/Craftopia/?updates=true;;;;;;;;;;;;
store.steampowered.com/news/app/1003890/Blacksad_Under_the_Skin/?updates=true;;;;;;;;;;;;
store.steampowered.com/news/app/1167450/DAEMON_X_MACHINA/?updates=true;;;;;;;;;;;;
store.steampowered.com/news/app/1455630/THE_GAME_OF_LIFE_2/?updates=true;;;;;;;;;;;;
store.steampowered.com/news/app/683900/RollerCoaster_Tycoon_Classic/?updates=true;;;;;;;;;;;;
store.steampowered.com/news/app/597170/Clone_Drone_in_the_Danger_Zone/?updates=true;;;;;;;;;;;;
store.steampowered.com/news/app/1238840/Battlefield_1/?updates=true;;;;;;;;;;;;
store.steampowered.com/news/app/597820/BIOMUTANT/?updates=true;;;;;;;;;;;;
store.steampowered.com/news/app/1142710/Total_War_WARHAMMER_III/?updates=true;;;;;;;;;;;;
store.steampowered.com/news/app/1105510/Yakuza_5_Remastered/?updates=true;;;;;;;;;;;;
store.steampowered.com/news/app/979110/Space_Haven/?updates=true;;;;;;;;;;;;
store.steampowered.com/news/app/612880/Wolfenstein_II_The_New_Colossus/?updates=true;;;;;;;;;;;;
store.steampowered.com/news/app/594330/Visage/?updates=true;;;;;;;;;;;;
store.steampowered.com/news/app/645630/Car_Mechanic_Simulator_2018/?updates=true;;;;;;;;;;;;
store.steampowered.com/news/app/582160/Assassins_Creed_Origins/?updates=true;;;;;;;;;;;;
store.steampowered.com/news/app/1407200/World_of_Tanks/?updates=true;;;;;;;;;;;;
store.steampowered.com/news/app/1012790/Into_the_Radius_VR/?updates=true;;;;;;;;;;;;
store.steampowered.com/news/app/826630/Iron_Harvest/?updates=true;;;;;;;;;;;;
store.steampowered.com/news/app/962730/Skater_XL__The_Ultimate_Skateboarding_Game/?updates=true;;;;;;;;;;;;
store.steampowered.com/news/app/1049410/Superliminal/?updates=true;;;;;;;;;;;;
store.steampowered.com/news/app/235460/METAL_GEAR_RISING_REVENGEANCE/?updates=true;;;;;;;;;;;;
store.steampowered.com/news/app/784150/Workers__Resources_Soviet_Republic/?updates=true;;;;;;;;;;;;
store.steampowered.com/news/app/1281630/Anno_1404__History_Edition/?updates=true;;;;;;;;;;;;
store.steampowered.com/news/app/555950/Danganronpa_Another_Episode_Ultra_Despair_Girls/?updates=true;;;;;;;;;;;;
store.steampowered.com/news/app/973580/Sniper_Ghost_Warrior_Contracts/?updates=true;;;;;;;;;;;;
store.steampowered.com/news/app/969990/SpongeBob_SquarePants_Battle_for_Bikini_Bottom__Rehydrated/?updates=true;;;;;;;;;;;;
store.steampowered.com/news/app/1088090/Day_of_Dragons/?updates=true;;;;;;;;;;;;
store.steampowered.com/news/app/293760/Automation__The_Car_Company_Tycoon_Game/?updates=true;;;;;;;;;;;;
store.steampowered.com/news/app/365960/rFactor_2/?updates=true;;;;;;;;;;;;
store.steampowered.com/news/app/1293180/SuchArt_Genius_Artist_Simulator/?updates=true;;;;;;;;;;;;
store.steampowered.com/news/app/16900/GROUND_BRANCH/?updates=true;;;;;;;;;;;;
store.steampowered.com/news/app/246620/Plague_Inc_Evolved/?updates=true;;;;;;;;;;;;
store.steampowered.com/news/app/337000/Deus_Ex_Mankind_Divided/?updates=true;;;;;;;;;;;;
store.steampowered.com/news/app/7940/Call_of_Duty_4_Modern_Warfare/?updates=true;;;;;;;;;;;;
store.steampowered.com/news/app/4570/Warhammer_40000_Dawn_of_War__Game_of_the_Year_Edition/?updates=true;;;;;;;;;;;;
store.steampowered.com/news/app/1418630/Dread_Hunger/?updates=true;;;;;;;;;;;;
store.steampowered.com/news/app/899440/GOD_EATER_3/?updates=true;;;;;;;;;;;;
store.steampowered.com/news/app/720620/TaleSpire/?updates=true;;;;;;;;;;;;
store.steampowered.com/news/app/115300/Call_of_Duty_Modern_Warfare_3/?updates=true;;;;;;;;;;;;
store.steampowered.com/news/app/1262540/Need_for_Speed/?updates=true;;;;;;;;;;;;
store.steampowered.com/news/app/438740/Friday_the_13th_The_Game/?updates=true;;;;;;;;;;;;
store.steampowered.com/news/app/212740/TERA__Action_MMORPG/?updates=true;;;;;;;;;;;;
store.steampowered.com/news/app/1237950/STAR_WARS_Battlefront_II/?updates=true;;;;;;;;;;;;
store.steampowered.com/news/app/562810/MONOPOLY_PLUS/?updates=true;;;;;;;;;;;;
store.steampowered.com/news/app/253250/Stonehearth/?updates=true;;;;;;;;;;;;
store.steampowered.com/news/app/785770/Emergency_Call_112__The_Fire_Fighting_Simulation_2/?updates=true;;;;;;;;;;;;
store.steampowered.com/news/app/392160/X4_Foundations/?updates=true;;;;;;;;;;;;
store.steampowered.com/news/app/941460/Death_Trash/?updates=true;;;;;;;;;;;;
store.steampowered.com/news/app/578650/The_Outer_Worlds/?updates=true;;;;;;;;;;;;
store.steampowered.com/news/app/681280/Descenders/?updates=true;;;;;;;;;;;;
store.steampowered.com/news/app/415200/Motorsport_Manager/?updates=true;;;;;;;;;;;;
store.steampowered.com/news/app/289650/Assassins_Creed_Unity/?updates=true;;;;;;;;;;;;
store.steampowered.com/news/app/600750/Star_Trek_Timelines/?updates=true;;;;;;;;;;;;
store.steampowered.com/news/app/1105670/The_Last_Spell/?updates=true;;;;;;;;;;;;
store.steampowered.com/news/app/527230/For_The_King/?updates=true;;;;;;;;;;;;
store.steampowered.com/news/app/285330/RollerCoaster_Tycoon_2_Triple_Thrill_Pack/?updates=true;;;;;;;;;;;;
store.steampowered.com/news/app/855740/Bum_Simulator/?updates=true;;;;;;;;;;;;
store.steampowered.com/news/app/48700/Mount__Blade_Warband/?updates=true;;;;;;;;;;;;
store.steampowered.com/news/app/1089980/The_Henry_Stickmin_Collection/?updates=true;;;;;;;;;;;;
store.steampowered.com/news/app/1090630/Granblue_Fantasy_Versus/?updates=true;;;;;;;;;;;;
store.steampowered.com/news/app/544730/Catan_Universe/?updates=true;;;;;;;;;;;;
store.steampowered.com/news/app/978520/Legend_of_Keepers_Career_of_a_Dungeon_Manager/?updates=true;;;;;;;;;;;;
store.steampowered.com/news/app/1017900/Age_of_Empires_Definitive_Edition/?updates=true;;;;;;;;;;;;
store.steampowered.com/news/app/1446650/BRAVELY_DEFAULT_II/?updates=true;;;;;;;;;;;;
store.steampowered.com/news/app/544550/Stationeers/?updates=true;;;;;;;;;;;;
store.steampowered.com/news/app/917720/Gamedec/?updates=true;;;;;;;;;;;;
store.steampowered.com/news/app/34270/SEGA_Mega_Drive_and_Genesis_Classics/?updates=true;;;;;;;;;;;;
store.steampowered.com/news/app/531510/Just_Shapes__Beats/?updates=true;;;;;;;;;;;;
store.steampowered.com/news/app/1222700/A_Way_Out/?updates=true;;;;;;;;;;;;
store.steampowered.com/news/app/1173790/FINAL_FANTASY_III/?updates=true;;;;;;;;;;;;
store.steampowered.com/news/app/1544360/LEGO_Builders_Journey/?updates=true;;;;;;;;;;;;
store.steampowered.com/news/app/682990/Drug_Dealer_Simulator/?updates=true;;;;;;;;;;;;
store.steampowered.com/news/app/1237970/Titanfall_2/?updates=true;;;;;;;;;;;;
store.steampowered.com/news/app/1343370/Old_School_RuneScape/?updates=true;;;;;;;;;;;;
store.steampowered.com/news/app/418530/Spelunky_2/?updates=true;;;;;;;;;;;;
store.steampowered.com/news/app/1123050/GRIME/?updates=true;;;;;;;;;;;;
store.steampowered.com/news/app/1199030/Tainted_Grail_Conquest/?updates=true;;;;;;;;;;;;
store.steampowered.com/news/app/1449690/The_Walking_Dead_The_Telltale_Definitive_Series/?updates=true;;;;;;;;;;;;
store.steampowered.com/news/app/611670/The_Elder_Scrolls_V_Skyrim_VR/?updates=true;;;;;;;;;;;;
store.steampowered.com/news/app/837470/Untitled_Goose_Game/?updates=true;;;;;;;;;;;;
store.steampowered.com/news/app/1301390/No_Umbrellas_Allowed/?updates=true;;;;;;;;;;;;
store.steampowered.com/news/app/500/Left_4_Dead/?updates=true;;;;;;;;;;;;
store.steampowered.com/news/app/774171/Muse_Dash/?updates=true;;;;;;;;;;;;
store.steampowered.com/news/app/24200/DC_Universe_Online/?updates=true;;;;;;;;;;;;
store.steampowered.com/news/app/443110/Armored_Warfare/?updates=true;;;;;;;;;;;;
store.steampowered.com/news/app/1708460/Obsideo/?updates=true;;;;;;;;;;;;
store.steampowered.com/news/app/1142080/Pawnbarian/?updates=true;;;;;;;;;;;;
store.steampowered.com/news/app/1571440/Lunch_Lady/?updates=true;;;;;;;;;;;;
store.steampowered.com/news/app/666140/My_Time_At_Portia/?updates=true;;;;;;;;;;;;
store.steampowered.com/news/app/1280780/War_on_the_Sea/?updates=true;;;;;;;;;;;;
store.steampowered.com/news/app/429050/Feed_and_Grow_Fish/?updates=true;;;;;;;;;;;;
store.steampowered.com/news/app/1388770/Cruelty_Squad/?updates=true;;;;;;;;;;;;
store.steampowered.com/news/app/496240/Onward/?updates=true;;;;;;;;;;;;
store.steampowered.com/news/app/1349230/5D_Chess_With_Multiverse_Time_Travel/?updates=true;;;;;;;;;;;;
store.steampowered.com/news/app/502500/ACE_COMBAT_7_SKIES_UNKNOWN/?updates=true;;;;;;;;;;;;
store.steampowered.com/news/app/214510/LEGO_The_Lord_of_the_Rings/?updates=true;;;;;;;;;;;;
store.steampowered.com/news/app/71340/Sonic_Generations_Collection/?updates=true;;;;;;;;;;;;
store.steampowered.com/news/app/1088710/Yakuza_3_Remastered/?updates=true;;;;;;;;;;;;
store.steampowered.com/news/app/774791/Surgeon_Simulator_2/?updates=true;;;;;;;;;;;;
store.steampowered.com/news/app/20920/The_Witcher_2_Assassins_of_Kings_Enhanced_Edition/?updates=true;;;;;;;;;;;;
store.steampowered.com/news/app/3590/Plants_vs_Zombies_GOTY_Edition/?updates=true;;;;;;;;;;;;
store.steampowered.com/news/app/493520/GTFO/?updates=true;;;;;;;;;;;;
store.steampowered.com/news/app/584400/Sonic_Mania/?updates=true;;;;;;;;;;;;
store.steampowered.com/news/app/1128810/RISK_Global_Domination/?updates=true;;;;;;;;;;;;
store.steampowered.com/news/app/1326270/Festival_Tycoon/?updates=true;;;;;;;;;;;;
store.steampowered.com/news/app/1556200/Predator_Hunting_Grounds/?updates=true;;;;;;;;;;;;
store.steampowered.com/news/app/420560/Firefighting_Simulator__The_Squad/?updates=true;;;;;;;;;;;;
store.steampowered.com/news/app/667970/VTOL_VR/?updates=true;;;;;;;;;;;;
store.steampowered.com/news/app/454650/DRAGON_BALL_XENOVERSE_2/?updates=true;;;;;;;;;;;;
store.steampowered.com/news/app/522230/The_Fishing_Club_3D/?updates=true;;;;;;;;;;;;
store.steampowered.com/news/app/286690/Metro_2033_Redux/?updates=true;;;;;;;;;;;;
store.steampowered.com/news/app/636480/Ravenfield/?updates=true;;;;;;;;;;;;
store.steampowered.com/news/app/1105420/Game_of_Thrones_Winter_is_Coming/?updates=true;;;;;;;;;;;;
store.steampowered.com/news/app/673880/Warhammer_40000_Mechanicus/?updates=true;;;;;;;;;;;;
store.steampowered.com/news/app/442120/Pinball_FX3/?updates=true;;;;;;;;;;;;
store.steampowered.com/news/app/1105500/Yakuza_4_Remastered/?updates=true;;;;;;;;;;;;
store.steampowered.com/news/app/816020/JUMP_FORCE/?updates=true;;;;;;;;;;;;
store.steampowered.com/news/app/210970/The_Witness/?updates=true;;;;;;;;;;;;
store.steampowered.com/news/app/285920/TerraTech/?updates=true;;;;;;;;;;;;
store.steampowered.com/news/app/253230/A_Hat_in_Time/?updates=true;;;;;;;;;;;;
store.steampowered.com/sub/132479/?updates=true;;;;;;;;;;;;
store.steampowered.com/news/app/10500/Total_War_EMPIRE__Definitive_Edition/?updates=true;;;;;;;;;;;;
store.steampowered.com/news/app/1102190/Monster_Train/?updates=true;;;;;;;;;;;;
store.steampowered.com/news/app/861540/Dicey_Dungeons/?updates=true;;;;;;;;;;;;
store.steampowered.com/news/app/1128920/EVERSPACE_2/?updates=true;;;;;;;;;;;;
store.steampowered.com/news/app/877200/Zero_Caliber_VR/?updates=true;;;;;;;;;;;;
store.steampowered.com/news/app/989440/Phantom_Abyss/?updates=true;;;;;;;;;;;;
store.steampowered.com/news/app/245170/Skullgirls_2nd_Encore/?updates=true;;;;;;;;;;;;
store.steampowered.com/news/app/1211630/The_Jackbox_Party_Pack_7/?updates=true;;;;;;;;;;;;
store.steampowered.com/news/app/1017180/The_Long_Drive/?updates=true;;;;;;;;;;;;
store.steampowered.com/news/app/261640/Borderlands_The_PreSequel/?updates=true;;;;;;;;;;;;
store.steampowered.com/news/app/1227530/Partisans_1941/?updates=true;;;;;;;;;;;;
store.steampowered.com/news/app/1318690/shapezio/?updates=true;;;;;;;;;;;;
store.steampowered.com/news/app/811320/Jupiter_Hell/?updates=true;;;;;;;;;;;;
store.steampowered.com/news/app/1295510/DRAGON_QUEST_XI_S_Echoes_of_an_Elusive_Age__Definitive_Edition/?updates=true;;;;;;;;;;;;
store.steampowered.com/news/app/800270/Terraforming_Mars/?updates=true;;;;;;;;;;;;
store.steampowered.com/news/app/445220/Avorion/?updates=true;;;;;;;;;;;;
store.steampowered.com/news/app/883710/Resident_Evil_2/?updates=true;;;;;;;;;;;;
store.steampowered.com/news/app/410340/Liftoff_FPV_Drone_Racing/?updates=true;;;;;;;;;;;;
store.steampowered.com/news/app/1388880/Doki_Doki_Literature_Club_Plus/?updates=true;;;;;;;;;;;;
store.steampowered.com/news/app/981890/Olympic_Games_Tokyo_2020__The_Official_Video_Game/?updates=true;;;;;;;;;;;;
store.steampowered.com/news/app/504230/Celeste/?updates=true;;;;;;;;;;;;
store.steampowered.com/news/app/360430/Mafia_III_Definitive_Edition/?updates=true;;;;;;;;;;;;
store.steampowered.com/news/app/261570/Ori_and_the_Blind_Forest/?updates=true;;;;;;;;;;;;
store.steampowered.com/news/app/619500/cyubeVR/?updates=true;;;;;;;;;;;;
store.steampowered.com/news/app/307690/Sleeping_Dogs_Definitive_Edition/?updates=true;;;;;;;;;;;;
store.steampowered.com/news/app/287390/Metro_Last_Light_Redux/?updates=true;;;;;;;;;;;;
store.steampowered.com/news/app/960910/Heavy_Rain/?updates=true;;;;;;;;;;;;
store.steampowered.com/news/app/310950/Street_Fighter_V/?updates=true;;;;;;;;;;;;
store.steampowered.com/news/app/1358140/Cooking_Simulator_VR/?updates=true;;;;;;;;;;;;
store.steampowered.com/news/app/477740/Zero_Escape_The_Nonary_Games/?updates=true;;;;;;;;;;;;
store.steampowered.com/news/app/1368910/Super_Mecha_Champions/?updates=true;;;;;;;;;;;;
store.steampowered.com/news/app/1041720/Kingdoms_of_Amalur_ReReckoning/?updates=true;;;;;;;;;;;;
store.steampowered.com/news/app/412830/STEINSGATE/?updates=true;;;;;;;;;;;;
store.steampowered.com/news/app/473950/Manifold_Garden/?updates=true;;;;;;;;;;;;
store.steampowered.com/news/app/780210/Freeways/?updates=true;;;;;;;;;;;;
store.steampowered.com/news/app/1367550/Kingdom_Rush_Vengeance__Tower_Defense/?updates=true;;;;;;;;;;;;
store.steampowered.com/news/app/1049590/Eternal_Return/?updates=true;;;;;;;;;;;;
store.steampowered.com/news/app/1222690/Dragon_Age_Inquisition/?updates=true;;;;;;;;;;;;
store.steampowered.com/news/app/1013320/Firestone_Idle_RPG/?updates=true;;;;;;;;;;;;
store.steampowered.com/news/app/524220/NieRAutomata/?updates=true;;;;;;;;;;;;
store.steampowered.com/news/app/1018010/Castlevania_Anniversary_Collection/?updates=true;;;;;;;;;;;;
store.steampowered.com/news/app/410900/Forts/?updates=true;;;;;;;;;;;;
store.steampowered.com/news/app/1606340/Conquest_of_Elysium_5/?updates=true;;;;;;;;;;;;
store.steampowered.com/news/app/638230/Journey/?updates=true;;;;;;;;;;;;
store.steampowered.com/news/app/1108590/Eldest_Souls/?updates=true;;;;;;;;;;;;
store.steampowered.com/news/app/1173800/FINAL_FANTASY_IV/?updates=true;;;;;;;;;;;;
store.steampowered.com/news/app/1240210/There_Is_No_Game_Wrong_Dimension/?updates=true;;;;;;;;;;;;
store.steampowered.com/news/app/1229460/Dice_Legacy/?updates=true;;;;;;;;;;;;
store.steampowered.com/news/app/621060/PC_Building_Simulator/?updates=true;;;;;;;;;;;;
store.steampowered.com/news/app/1465070/Legendary_Tales/?updates=true;;;;;;;;;;;;
store.steampowered.com/news/app/228200/Company_of_Heroes/?updates=true;;;;;;;;;;;;
store.steampowered.com/news/app/673750/Super_Bunny_Man/?updates=true;;;;;;;;;;;;
store.steampowered.com/news/app/1335200/Action_Taimanin/?updates=true;;;;;;;;;;;;
store.steampowered.com/news/app/55230/Saints_Row_The_Third/?updates=true;;;;;;;;;;;;
store.steampowered.com/news/app/230190/War_for_the_Overworld/?updates=true;;;;;;;;;;;;
store.steampowered.com/news/app/3830/Psychonauts/?updates=true;;;;;;;;;;;;
store.steampowered.com/news/app/32440/LEGO_Star_Wars__The_Complete_Saga/?updates=true;;;;;;;;;;;;
store.steampowered.com/news/app/50130/Mafia_II_Classic/?updates=true;;;;;;;;;;;;
store.steampowered.com/news/app/537180/Digimon_Masters_Online/?updates=true;;;;;;;;;;;;
store.steampowered.com/news/app/710920/Darksiders_Genesis/?updates=true;;;;;;;;;;;;
store.steampowered.com/news/app/1585910/Roll/?updates=true;;;;;;;;;;;;
store.steampowered.com/news/app/1262600/Need_for_Speed_Rivals/?updates=true;;;;;;;;;;;;
store.steampowered.com/news/app/977920/Balsa_Model_Flight_Simulator/?updates=true;;;;;;;;;;;;
store.steampowered.com/news/app/843380/Super_Animal_Royale/?updates=true;;;;;;;;;;;;
store.steampowered.com/news/app/1557740/ROUNDS/?updates=true;;;;;;;;;;;;
store.steampowered.com/news/app/403190/Planetbase/?updates=true;;;;;;;;;;;;
store.steampowered.com/news/app/242050/Assassins_Creed_IV_Black_Flag/?updates=true;;;;;;;;;;;;
store.steampowered.com/news/app/752590/A_Plague_Tale_Innocence/?updates=true;;;;;;;;;;;;
store.steampowered.com/news/app/236110/Dungeon_Defenders_II/?updates=true;;;;;;;;;;;;
store.steampowered.com/news/app/1096530/Solasta_Crown_of_the_Magister/?updates=true;;;;;;;;;;;;
store.steampowered.com/news/app/674930/Boyfriend_Dungeon/?updates=true;;;;;;;;;;;;
store.steampowered.com/news/app/305620/The_Long_Dark/?updates=true;;;;;;;;;;;;
store.steampowered.com/news/app/217200/Worms_Armageddon/?updates=true;;;;;;;;;;;;
store.steampowered.com/news/app/1243830/Overcooked_All_You_Can_Eat/?updates=true;;;;;;;;;;;;
store.steampowered.com/news/app/1222730/STAR_WARS_Squadrons/?updates=true;;;;;;;;;;;;
store.steampowered.com/news/app/1468810/_Tale_of_Immortal/?updates=true;;;;;;;;;;;;
store.steampowered.com/news/app/637090/BATTLETECH/?updates=true;;;;;;;;;;;;
store.steampowered.com/news/app/427730/Whos_Your_Daddy/?updates=true;;;;;;;;;;;;
store.steampowered.com/news/app/599140/Graveyard_Keeper/?updates=true;;;;;;;;;;;;
store.steampowered.com/news/app/486860/MMORPG_Tycoon_2/?updates=true;;;;;;;;;;;;
store.steampowered.com/news/app/339610/Freestyle_2_Street_Basketball/?updates=true;;;;;;;;;;;;
store.steampowered.com/news/app/329110/Gems_of_War__Puzzle_RPG/?updates=true;;;;;;;;;;;;
store.steampowered.com/news/app/588430/Fallout_Shelter/?updates=true;;;;;;;;;;;;
store.steampowered.com/news/app/1330460/Becastled/?updates=true;;;;;;;;;;;;
store.steampowered.com/news/app/788100/Neon_Abyss/?updates=true;;;;;;;;;;;;
store.steampowered.com/news/app/1361000/In_Silence/?updates=true;;;;;;;;;;;;
store.steampowered.com/news/app/747610/Zula_Global/?updates=true;;;;;;;;;;;;
store.steampowered.com/news/app/536270/Ancestors_The_Humankind_Odyssey/?updates=true;;;;;;;;;;;;
store.steampowered.com/news/app/538680/The_Legend_of_Heroes_Trails_of_Cold_Steel/?updates=true;;;;;;;;;;;;
store.steampowered.com/news/app/654890/Grand_Tactician_The_Civil_War_18611865/?updates=true;;;;;;;;;;;;
store.steampowered.com/news/app/1147560/Skul_The_Hero_Slayer/?updates=true;;;;;;;;;;;;
store.steampowered.com/news/app/1307580/TOEM/?updates=true;;;;;;;;;;;;
store.steampowered.com/news/app/955900/Amazing_Cultivation_Simulator/?updates=true;;;;;;;;;;;;
store.steampowered.com/news/app/1007040/EARTH_DEFENSE_FORCE_5/?updates=true;;;;;;;;;;;;
store.steampowered.com/news/app/1123830/Farm_Manager_2021/?updates=true;;;;;;;;;;;;
store.steampowered.com/news/app/1295500/Warhammer_40000_Battlesector/?updates=true;;;;;;;;;;;;
store.steampowered.com/news/app/696170/SENRAN_KAGURA_Peach_Beach_Splash/?updates=true;;;;;;;;;;;;
store.steampowered.com/news/app/894940/Littlewood/?updates=true;;;;;;;;;;;;
store.steampowered.com/news/app/999220/Amnesia_Rebirth/?updates=true;;;;;;;;;;;;
store.steampowered.com/news/app/285160/LEGO_The_Hobbit/?updates=true;;;;;;;;;;;;
store.steampowered.com/news/app/460810/Vanquish/?updates=true;;;;;;;;;;;;
store.steampowered.com/news/app/285190/Warhammer_40000_Dawn_of_War_III/?updates=true;;;;;;;;;;;;
store.steampowered.com/news/app/470310/TROUBLESHOOTER_Abandoned_Children/?updates=true;;;;;;;;;;;;
store.steampowered.com/news/app/559650/Witch_It/?updates=true;;;;;;;;;;;;
store.steampowered.com/news/app/528230/SYNTHETIK_Legion_Rising/?updates=true;;;;;;;;;;;;
store.steampowered.com/news/app/383980/Rivals_of_Aether/?updates=true;;;;;;;;;;;;
store.steampowered.com/news/app/1066890/Automobilista_2/?updates=true;;;;;;;;;;;;
store.steampowered.com/news/app/617830/SUPERHOT_VR/?updates=true;;;;;;;;;;;;
store.steampowered.com/news/app/464340/Syberia_3/?updates=true;;;;;;;;;;;;
store.steampowered.com/news/app/1242980/KeyWe/?updates=true;;;;;;;;;;;;
store.steampowered.com/news/app/438040/Shakes_and_Fidget/?updates=true;;;;;;;;;;;;
store.steampowered.com/news/app/1238080/Burnout_Paradise_Remastered/?updates=true;;;;;;;;;;;;
store.steampowered.com/news/app/314650/SpaceEngine/?updates=true;;;;;;;;;;;;
store.steampowered.com/news/app/1173780/FINAL_FANTASY_II/?updates=true;;;;;;;;;;;;
store.steampowered.com/news/app/1227690/Severed_Steel/?updates=true;;;;;;;;;;;;
store.steampowered.com/news/app/694130/My_Free_Zoo/?updates=true;;;;;;;;;;;;
store.steampowered.com/news/app/647830/LEGO_Marvel_Super_Heroes_2/?updates=true;;;;;;;;;;;;
store.steampowered.com/news/app/965580/Root/?updates=true;;;;;;;;;;;;
store.steampowered.com/news/app/877010/Beyond_Contact/?updates=true;;;;;;;;;;;;
store.steampowered.com/news/app/1345820/Ragnarock/?updates=true;;;;;;;;;;;;
store.steampowered.com/news/app/978780/STORY_OF_SEASONS_Friends_of_Mineral_Town/?updates=true;;;;;;;;;;;;
store.steampowered.com/news/app/783770/Ironsight/?updates=true;;;;;;;;;;;;
store.steampowered.com/news/app/326460/ShellShock_Live/?updates=true;;;;;;;;;;;;
store.steampowered.com/news/app/269210/Hero_Siege/?updates=true;;;;;;;;;;;;
store.steampowered.com/news/app/541210/Cold_Waters/?updates=true;;;;;;;;;;;;
store.steampowered.com/news/app/291650/Pillars_of_Eternity/?updates=true;;;;;;;;;;;;
store.steampowered.com/news/app/1173770/FINAL_FANTASY/?updates=true;;;;;;;;;;;;
store.steampowered.com/news/app/239250/Castlevania_Lords_of_Shadow_2/?updates=true;;;;;;;;;;;;
store.steampowered.com/news/app/704270/Generation_Zero/?updates=true;;;;;;;;;;;;
store.steampowered.com/news/app/859580/Imperator_Rome/?updates=true;;;;;;;;;;;;
store.steampowered.com/news/app/1451480/The_Greatest_Penguin_Heist_of_All_Time/?updates=true;;;;;;;;;;;;
store.steampowered.com/news/app/288470/Fable_Anniversary/?updates=true;;;;;;;;;;;;
store.steampowered.com/news/app/1573360/Infinity_Kingdom/?updates=true;;;;;;;;;;;;
store.steampowered.com/news/app/1264250/Fishing_North_Atlantic/?updates=true;;;;;;;;;;;;
store.steampowered.com/news/app/761830/Mr_Prepper/?updates=true;;;;;;;;;;;;
store.steampowered.com/news/app/427100/Fernbus_Simulator/?updates=true;;;;;;;;;;;;
store.steampowered.com/news/app/606880/GreedFall/?updates=true;;;;;;;;;;;;
store.steampowered.com/news/app/1101190/Dungeon_Defenders_Awakened/?updates=true;;;;;;;;;;;;
store.steampowered.com/news/app/1256670/Library_Of_Ruina/?updates=true;;;;;;;;;;;;
store.steampowered.com/news/app/383150/Dead_Island_Definitive_Edition/?updates=true;;;;;;;;;;;;
store.steampowered.com/news/app/391220/Rise_of_the_Tomb_Raider/?updates=true;;;;;;;;;;;;
store.steampowered.com/news/app/209650/Call_of_Duty_Advanced_Warfare__Gold_Edition/?updates=true;;;;;;;;;;;;
store.steampowered.com/news/app/774181/Rhythm_Doctor/?updates=true;;;;;;;;;;;;
store.steampowered.com/news/app/785260/Team_Sonic_Racing/?updates=true;;;;;;;;;;;;
store.steampowered.com/news/app/302670/Call_to_Arms/?updates=true;;;;;;;;;;;;
store.steampowered.com/news/app/33230/Assassins_Creed_2/?updates=true;;;;;;;;;;;;
store.steampowered.com/news/app/1335790/Operation_Tango/?updates=true;;;;;;;;;;;;
store.steampowered.com/news/app/378860/Project_CARS_2/?updates=true;;;;;;;;;;;;
store.steampowered.com/news/app/677160/We_Were_Here_Too/?updates=true;;;;;;;;;;;;
store.steampowered.com/news/app/1367590/Tormented_Souls/?updates=true;;;;;;;;;;;;
store.steampowered.com/news/app/1184820/Poker_Quest/?updates=true;;;;;;;;;;;;
store.steampowered.com/news/app/1683320/Power__Revolution_2021_Edition/?updates=true;;;;;;;;;;;;
store.steampowered.com/news/app/2630/Call_of_Duty_2/?updates=true;;;;;;;;;;;;
store.steampowered.com/news/app/933820/Endzone__A_World_Apart/?updates=true;;;;;;;;;;;;
store.steampowered.com/news/app/718850/Age_of_Wonders_Planetfall/?updates=true;;;;;;;;;;;;
store.steampowered.com/news/app/208650/Batman_Arkham_Knight/?updates=true;;;;;;;;;;;;
store.steampowered.com/news/app/368500/Assassins_Creed_Syndicate/?updates=true;;;;;;;;;;;;
store.steampowered.com/news/app/1502970/Atelier_Sophie_The_Alchemist_of_the_Mysterious_Book_DX/?updates=true;;;;;;;;;;;;
store.steampowered.com/news/app/1315610/Source_of_Madness/?updates=true;;;;;;;;;;;;
store.steampowered.com/news/app/110800/LA_Noire/?updates=true;;;;;;;;;;;;
store.steampowered.com/news/app/885000/Synth_Riders/?updates=true;;;;;;;;;;;;
store.steampowered.com/news/app/898750/Super_Robot_Wars_30/?updates=true;;;;;;;;;;;;
store.steampowered.com/news/app/671440/Rise_of_Industry/?updates=true;;;;;;;;;;;;
store.steampowered.com/news/app/249050/Dungeon_of_the_ENDLESS/?updates=true;;;;;;;;;;;;
store.steampowered.com/news/app/1211020/Wobbly_Life/?updates=true;;;;;;;;;;;;
store.steampowered.com/news/app/212680/FTL_Faster_Than_Light/?updates=true;;;;;;;;;;;;
store.steampowered.com/news/app/790820/Valkyria_Chronicles_4_Complete_Edition/?updates=true;;;;;;;;;;;;
store.steampowered.com/news/app/406350/KartKraft/?updates=true;;;;;;;;;;;;
store.steampowered.com/news/app/622220/FateEXTELLA_LINK/?updates=true;;;;;;;;;;;;
store.steampowered.com/news/app/1241100/POLYGON_Multiplayer_Shooter/?updates=true;;;;;;;;;;;;
store.steampowered.com/news/app/503940/Railway_Empire/?updates=true;;;;;;;;;;;;
store.steampowered.com/news/app/502280/BERSERK_and_the_Band_of_the_Hawk/?updates=true;;;;;;;;;;;;
store.steampowered.com/news/app/9880/Champions_Online/?updates=true;;;;;;;;;;;;
store.steampowered.com/news/app/704850/Thief_Simulator/?updates=true;;;;;;;;;;;;
store.steampowered.com/news/app/737520/Flynn_Son_of_Crimson/?updates=true;;;;;;;;;;;;
store.steampowered.com/news/app/1124260/Snowtopia_Ski_Resort_Builder/?updates=true;;;;;;;;;;;;
store.steampowered.com/news/app/714120/Little_Misfortune/?updates=true;;;;;;;;;;;;
store.steampowered.com/news/app/895620/Spellcaster_University/?updates=true;;;;;;;;;;;;
store.steampowered.com/news/app/985890/Streets_of_Rage_4/?updates=true;;;;;;;;;;;;
store.steampowered.com/news/app/626690/Sword_Art_Online_Fatal_Bullet/?updates=true;;;;;;;;;;;;
store.steampowered.com/news/app/444640/Bloons_TD_Battles/?updates=true;;;;;;;;;;;;
store.steampowered.com/news/app/1282730/Loop_Hero/?updates=true;;;;;;;;;;;;
store.steampowered.com/news/app/550320/art_of_rally/?updates=true;;;;;;;;;;;;
store.steampowered.com/news/app/1267540/WRC_9_FIA_World_Rally_Championship/?updates=true;;;;;;;;;;;;
store.steampowered.com/news/app/274190/Broforce/?updates=true;;;;;;;;;;;;
store.steampowered.com/news/app/24780/SimCity_4_Deluxe_Edition/?updates=true;;;;;;;;;;;;
store.steampowered.com/news/app/240/CounterStrike_Source/?updates=true;;;;;;;;;;;;
store.steampowered.com/news/app/304930/Unturned/?updates=true;;;;;;;;;;;;
store.steampowered.com/news/app/1167140/Siege_Survival_Gloria_Victis/?updates=true;;;;;;;;;;;;
store.steampowered.com/news/app/925950/Here_Comes_Niko/?updates=true;;;;;;;;;;;;
store.steampowered.com/news/app/897450/The_Survivalists/?updates=true;;;;;;;;;;;;
store.steampowered.com/news/app/339600/VEGA_Conflict/?updates=true;;;;;;;;;;;;
store.steampowered.com/news/app/42960/Victoria_II/?updates=true;;;;;;;;;;;;
store.steampowered.com/news/app/200510/XCOM_Enemy_Unknown/?updates=true;;;;;;;;;;;;
store.steampowered.com/news/app/1330660/Train_Life_A_Railway_Simulator/?updates=true;;;;;;;;;;;;
store.steampowered.com/news/app/604540/Empire_of_Sin/?updates=true;;;;;;;;;;;;
store.steampowered.com/news/app/1410710/Democracy_4/?updates=true;;;;;;;;;;;;
store.steampowered.com/news/app/1259840/The_House_of_Da_Vinci_2/?updates=true;;;;;;;;;;;;
store.steampowered.com/news/app/374040/Portal_Knights/?updates=true;;;;;;;;;;;;
store.steampowered.com/news/app/977650/DwarfHeim/?updates=true;;;;;;;;;;;;
store.steampowered.com/news/app/889510/SENRAN_KAGURA_Burst_ReNewal/?updates=true;;;;;;;;;;;;
store.steampowered.com/news/app/1161580/Hardspace_Shipbreaker/?updates=true;;;;;;;;;;;;
store.steampowered.com/news/app/534380/Dying_Light_2_Stay_Human/?updates=true;;;;;;;;;;;;
store.steampowered.com/news/app/1468260/Leaf_Blower_Revolution__Idle_Game/?updates=true;;;;;;;;;;;;
store.steampowered.com/news/app/250760/Shovel_Knight_Treasure_Trove/?updates=true;;;;;;;;;;;;
store.steampowered.com/news/app/321360/Primal_Carnage_Extinction/?updates=true;;;;;;;;;;;;
store.steampowered.com/news/app/901735/The_Stronghold_Collection/?updates=true;;;;;;;;;;;;
store.steampowered.com/news/app/274170/Hotline_Miami_2_Wrong_Number/?updates=true;;;;;;;;;;;;
store.steampowered.com/news/app/285310/RollerCoaster_Tycoon_Deluxe/?updates=true;;;;;;;;;;;;
store.steampowered.com/news/app/1329510/Big_Farm_Story/?updates=true;;;;;;;;;;;;
store.steampowered.com/news/app/1138660/Black_Book/?updates=true;;;;;;;;;;;;
store.steampowered.com/news/app/201810/Wolfenstein_The_New_Order/?updates=true;;;;;;;;;;;;
store.steampowered.com/news/app/1647440/Idle_TD_Heroes_vs_Zombies/?updates=true;;;;;;;;;;;;
store.steampowered.com/news/app/1419170/My_Singing_Monsters/?updates=true;;;;;;;;;;;;
store.steampowered.com/news/app/861650/Session_Skateboarding_Sim_Game/?updates=true;;;;;;;;;;;;
store.steampowered.com/news/app/1444020/Reactor_Tech/?updates=true;;;;;;;;;;;;
store.steampowered.com/news/app/1404850/Luck_be_a_Landlord/?updates=true;;;;;;;;;;;;
store.steampowered.com/news/app/311690/Enter_the_Gungeon/?updates=true;;;;;;;;;;;;
store.steampowered.com/news/app/958400/Project_CARS_3/?updates=true;;;;;;;;;;;;
store.steampowered.com/news/app/1259980/RIDE_4/?updates=true;;;;;;;;;;;;
store.steampowered.com/news/app/819030/STEINSGATE_ELITE/?updates=true;;;;;;;;;;;;
store.steampowered.com/news/app/1257290/Atelier_Ryza_2_Lost_Legends__the_Secret_Fairy/?updates=true;;;;;;;;;;;;
store.steampowered.com/news/app/1067540/Rki/?updates=true;;;;;;;;;;;;
store.steampowered.com/news/app/1634150/Behind_the_Frame_The_Finest_Scenery/?updates=true;;;;;;;;;;;;
store.steampowered.com/news/app/951440/Volcanoids/?updates=true;;;;;;;;;;;;
store.steampowered.com/news/app/304410/Hexcells_Infinite/?updates=true;;;;;;;;;;;;
store.steampowered.com/news/app/955050/Bright_Memory/?updates=true;;;;;;;;;;;;
store.steampowered.com/news/app/203160/Tomb_Raider/?updates=true;;;;;;;;;;;;
store.steampowered.com/news/app/1393370/Actraiser_Renaissance/?updates=true;;;;;;;;;;;;
store.steampowered.com/news/app/359870/FINAL_FANTASY_XX2_HD_Remaster/?updates=true;;;;;;;;;;;;
store.steampowered.com/news/app/204360/Castle_Crashers/?updates=true;;;;;;;;;;;;
store.steampowered.com/news/app/1000360/Hellish_Quart/?updates=true;;;;;;;;;;;;
store.steampowered.com/news/app/1075740/Banners_of_Ruin/?updates=true;;;;;;;;;;;;
store.steampowered.com/news/app/604500/Tank_Force/?updates=true;;;;;;;;;;;;
store.steampowered.com/news/app/1018830/Element_TD_2__Multiplayer_Tower_Defense/?updates=true;;;;;;;;;;;;
store.steampowered.com/news/app/105450/Age_of_Empires_III_2007/?updates=true;;;;;;;;;;;;
store.steampowered.com/news/app/1062140/Garden_Story/?updates=true;;;;;;;;;;;;
store.steampowered.com/news/app/1361320/The_Room_4_Old_Sins/?updates=true;;;;;;;;;;;;
store.steampowered.com/news/app/246420/Kingdom_Rush___Tower_Defense/?updates=true;;;;;;;;;;;;
store.steampowered.com/news/app/239820/Game_Dev_Tycoon/?updates=true;;;;;;;;;;;;
store.steampowered.com/news/app/232890/Stronghold_Crusader_2/?updates=true;;;;;;;;;;;;
store.steampowered.com/news/app/1071870/Biped/?updates=true;;;;;;;;;;;;
store.steampowered.com/news/app/515220/F1_2017/?updates=true;;;;;;;;;;;;
store.steampowered.com/news/app/1323470/GetsuFumaDen_Undying_Moon/?updates=true;;;;;;;;;;;;
store.steampowered.com/news/app/939960/Far_Cry_New_Dawn/?updates=true;;;;;;;;;;;;
store.steampowered.com/news/app/909320/Ruinarch/?updates=true;;;;;;;;;;;;
store.steampowered.com/news/app/434170/The_Jackbox_Party_Pack_3/?updates=true;;;;;;;;;;;;
store.steampowered.com/news/app/411300/ELEX/?updates=true;;;;;;;;;;;;
store.steampowered.com/news/app/825630/STEINSGATE_0/?updates=true;;;;;;;;;;;;
store.steampowered.com/news/app/471710/Rec_Room/?updates=true;;;;;;;;;;;;
store.steampowered.com/news/app/469600/Legion_TD_2__Multiplayer_Tower_Defense/?updates=true;;;;;;;;;;;;
store.steampowered.com/news/app/1122680/The_Artful_Escape/?updates=true;;;;;;;;;;;;
store.steampowered.com/news/app/960170/DJMAX_RESPECT_V/?updates=true;;;;;;;;;;;;
store.steampowered.com/news/app/361280/Turmoil/?updates=true;;;;;;;;;;;;
store.steampowered.com/news/app/564230/Fire_Pro_Wrestling_World/?updates=true;;;;;;;;;;;;
store.steampowered.com/news/app/774361/Blasphemous/?updates=true;;;;;;;;;;;;
store.steampowered.com/news/app/485460/The_Banner_Saga_3/?updates=true;;;;;;;;;;;;
store.steampowered.com/news/app/1643320/STALKER_2_Heart_of_Chernobyl/?updates=true;;;;;;;;;;;;
store.steampowered.com/news/app/1294760/HARD_BULLET/?updates=true;;;;;;;;;;;;
store.steampowered.com/news/app/512790/Quern__Undying_Thoughts/?updates=true;;;;;;;;;;;;
store.steampowered.com/news/app/343780/Cat_Goes_Fishing/?updates=true;;;;;;;;;;;;
store.steampowered.com/news/app/953490/CARRION/?updates=true;;;;;;;;;;;;
store.steampowered.com/news/app/211820/Starbound/?updates=true;;;;;;;;;;;;
store.steampowered.com/news/app/816340/Kingdom_Rush_Origins__Tower_Defense/?updates=true;;;;;;;;;;;;
store.steampowered.com/news/app/1127840/Landlords_Super/?updates=true;;;;;;;;;;;;
store.steampowered.com/news/app/311260/The_Guild_3/?updates=true;;;;;;;;;;;;
store.steampowered.com/news/app/311240/Zero_Escape_Zero_Time_Dilemma/?updates=true;;;;;;;;;;;;
store.steampowered.com/news/app/424030/War_of_Rights/?updates=true;;;;;;;;;;;;
store.steampowered.com/news/app/703860/GRID/?updates=true;;;;;;;;;;;;
store.steampowered.com/news/app/368070/Sniper_Ghost_Warrior_3/?updates=true;;;;;;;;;;;;
store.steampowered.com/news/app/1286350/BPM_BULLETS_PER_MINUTE/?updates=true;;;;;;;;;;;;
store.steampowered.com/news/app/1088790/Rebel_Inc_Escalation/?updates=true;;;;;;;;;;;;
store.steampowered.com/news/app/242920/Banished/?updates=true;;;;;;;;;;;;
store.steampowered.com/news/app/447040/Watch_Dogs_2/?updates=true;;;;;;;;;;;;
store.steampowered.com/news/app/1379130/League_of_AngelsHeavens_Fury/?updates=true;;;;;;;;;;;;
store.steampowered.com/news/app/773790/Ostriv/?updates=true;;;;;;;;;;;;
store.steampowered.com/news/app/22320/The_Elder_Scrolls_III_Morrowind_Game_of_the_Year_Edition/?updates=true;;;;;;;;;;;;
store.steampowered.com/news/app/550650/Black_Squad/?updates=true;;;;;;;;;;;;
store.steampowered.com/news/app/979640/Cepheus_Protocol/?updates=true;;;;;;;;;;;;
store.steampowered.com/news/app/1113030/Stellar_Warfare/?updates=true;;;;;;;;;;;;
store.steampowered.com/news/app/1222370/Necromunda_Hired_Gun/?updates=true;;;;;;;;;;;;
store.steampowered.com/news/app/1238060/Dead_Space_3/?updates=true;;;;;;;;;;;;
store.steampowered.com/news/app/332950/Dark_Deception/?updates=true;;;;;;;;;;;;
store.steampowered.com/news/app/282070/This_War_of_Mine/?updates=true;;;;;;;;;;;;
store.steampowered.com/news/app/1215390/Animal_Revolt_Battle_Simulator/?updates=true;;;;;;;;;;;;
store.steampowered.com/news/app/212480/Sonic__AllStars_Racing_Transformed_Collection/?updates=true;;;;;;;;;;;;
store.steampowered.com/news/app/924070/Arboria/?updates=true;;;;;;;;;;;;
store.steampowered.com/news/app/213610/Sonic_Adventure_2/?updates=true;;;;;;;;;;;;
store.steampowered.com/news/app/839770/Phoenix_Point_Year_One_Edition/?updates=true;;;;;;;;;;;;
store.steampowered.com/news/app/298110/Far_Cry_4/?updates=true;;;;;;;;;;;;
store.steampowered.com/news/app/852220/Accident/?updates=true;;;;;;;;;;;;
store.steampowered.com/news/app/24790/Command__Conquer_3_Tiberium_Wars/?updates=true;;;;;;;;;;;;
store.steampowered.com/news/app/1491340/Marble_World/?updates=true;;;;;;;;;;;;
store.steampowered.com/news/app/1238000/Mass_Effect_Andromeda/?updates=true;;;;;;;;;;;;
store.steampowered.com/news/app/1502990/Atelier_Lydie__Suelle_The_Alchemists_and_the_Mysterious_Paintings_DX/?updates=true;;;;;;;;;;;;
store.steampowered.com/news/app/680420/OUTRIDERS/?updates=true;;;;;;;;;;;;
store.steampowered.com/news/app/2640/Call_of_Duty_United_Offensive/?updates=true;;;;;;;;;;;;
store.steampowered.com/news/app/1277510/ReZERO_Starting_Life_in_Another_World_The_Prophecy_of_the_Throne/?updates=true;;;;;;;;;;;;
store.steampowered.com/news/app/311290/SpellForce_3/?updates=true;;;;;;;;;;;;
store.steampowered.com/news/app/722180/SURV1V3/?updates=true;;;;;;;;;;;;
store.steampowered.com/news/app/287450/Rise_of_Nations_Extended_Edition/?updates=true;;;;;;;;;;;;
store.steampowered.com/news/app/1012880/60_Seconds_Reatomized/?updates=true;;;;;;;;;;;;
store.steampowered.com/news/app/502800/SENRAN_KAGURA_ESTIVAL_VERSUS/?updates=true;;;;;;;;;;;;
store.steampowered.com/news/app/226860/Galactic_Civilizations_III/?updates=true;;;;;;;;;;;;
store.steampowered.com/news/app/424370/Wolcen_Lords_of_Mayhem/?updates=true;;;;;;;;;;;;
store.steampowered.com/news/app/1566390/Seed_of_the_Dead_Sweet_Home/?updates=true;;;;;;;;;;;;
store.steampowered.com/news/app/451340/Gold_Rush_The_Game/?updates=true;;;;;;;;;;;;
store.steampowered.com/news/app/971030/SkateBIRD/?updates=true;;;;;;;;;;;;
store.steampowered.com/news/app/743450/Monster_Prom/?updates=true;;;;;;;;;;;;
store.steampowered.com/news/app/268650/From_the_Depths/?updates=true;;;;;;;;;;;;
store.steampowered.com/news/app/519860/DUSK/?updates=true;;;;;;;;;;;;
store.steampowered.com/news/app/327070/Gloria_Victis/?updates=true;;;;;;;;;;;;
store.steampowered.com/news/app/1052990/A_Monsters_Expedition/?updates=true;;;;;;;;;;;;
store.steampowered.com/news/app/1085510/Garfield_Kart__Furious_Racing/?updates=true;;;;;;;;;;;;
store.steampowered.com/news/app/1154040/SpellForce_3_Fallen_God/?updates=true;;;;;;;;;;;;
store.steampowered.com/news/app/436670/The_Legend_of_Heroes_Trails_in_the_Sky_the_3rd/?updates=true;;;;;;;;;;;;
store.steampowered.com/news/app/200260/Batman_Arkham_City__Game_of_the_Year_Edition/?updates=true;;;;;;;;;;;;
store.steampowered.com/news/app/522470/The_House_of_Da_Vinci/?updates=true;;;;;;;;;;;;
store.steampowered.com/news/app/1056960/Wolfenstein_Youngblood/?updates=true;;;;;;;;;;;;
store.steampowered.com/news/app/653530/Return_of_the_Obra_Dinn/?updates=true;;;;;;;;;;;;
store.steampowered.com/news/app/1055430/Swords_and_Sandals_Classic_Collection/?updates=true;;;;;;;;;;;;
store.steampowered.com/news/app/1055540/A_Short_Hike/?updates=true;;;;;;;;;;;;
store.steampowered.com/news/app/241930/Middleearth_Shadow_of_Mordor/?updates=true;;;;;;;;;;;;
store.steampowered.com/news/app/1225570/Unravel_Two/?updates=true;;;;;;;;;;;;
store.steampowered.com/news/app/40960/Stronghold_2_Steam_Edition/?updates=true;;;;;;;;;;;;
store.steampowered.com/news/app/1238040/Dragon_Age_II/?updates=true;;;;;;;;;;;;
store.steampowered.com/news/app/423580/Project_Highrise/?updates=true;;;;;;;;;;;;
store.steampowered.com/news/app/903950/Last_Oasis/?updates=true;;;;;;;;;;;;
store.steampowered.com/news/app/968250/King_of_Retail/?updates=true;;;;;;;;;;;;
store.steampowered.com/news/app/1140270/Monster_Prom_2_Monster_Camp/?updates=true;;;;;;;;;;;;
store.steampowered.com/news/app/1490610/METALLIC_CHILD/?updates=true;;;;;;;;;;;;
store.steampowered.com/news/app/1039880/Hellsplit_Arena/?updates=true;;;;;;;;;;;;
store.steampowered.com/news/app/1490890/Demon_Slayer_Kimetsu_no_Yaiba_The_Hinokami_Chronicles/?updates=true;;;;;;;;;;;;
store.steampowered.com/news/app/10/CounterStrike/?updates=true;;;;;;;;;;;;
store.steampowered.com/news/app/47810/Dragon_Age_Origins__Ultimate_Edition/?updates=true;;;;;;;;;;;;
store.steampowered.com/news/app/4500/STALKER_Shadow_of_Chernobyl/?updates=true;;;;;;;;;;;;
store.steampowered.com/news/app/860890/Factory_Town/?updates=true;;;;;;;;;;;;
store.steampowered.com/news/app/1233570/Mirrors_Edge_Catalyst/?updates=true;;;;;;;;;;;;
store.steampowered.com/news/app/1046030/ISLANDERS/?updates=true;;;;;;;;;;;;
store.steampowered.com/news/app/1612620/Never_Return/?updates=true;;;;;;;;;;;;
store.steampowered.com/news/app/448510/Overcooked/?updates=true;;;;;;;;;;;;
store.steampowered.com/news/app/282140/SOMA/?updates=true;;;;;;;;;;;;
store.steampowered.com/news/app/235540/Warhammer_End_Times__Vermintide/?updates=true;;;;;;;;;;;;
store.steampowered.com/news/app/329970/KeeperRL/?updates=true;;;;;;;;;;;;
store.steampowered.com/news/app/428690/Youtubers_Life/?updates=true;;;;;;;;;;;;
store.steampowered.com/news/app/1194630/The_Dark_Pictures_Anthology_Little_Hope/?updates=true;;;;;;;;;;;;
store.steampowered.com/news/app/1166290/Death_and_Taxes/?updates=true;;;;;;;;;;;;
store.steampowered.com/news/app/1009290/SWORD_ART_ONLINE_Alicization_Lycoris/?updates=true;;;;;;;;;;;;
store.steampowered.com/news/app/209160/Call_of_Duty_Ghosts/?updates=true;;;;;;;;;;;;
store.steampowered.com/news/app/334230/Town_of_Salem/?updates=true;;;;;;;;;;;;
store.steampowered.com/news/app/789100/My_Little_Farmies/?updates=true;;;;;;;;;;;;
store.steampowered.com/news/app/494840/UBOAT/?updates=true;;;;;;;;;;;;
store.steampowered.com/news/app/1484280/Demeo/?updates=true;;;;;;;;;;;;
store.steampowered.com/news/app/1502980/Atelier_Firis_The_Alchemist_and_the_Mysterious_Journey_DX/?updates=true;;;;;;;;;;;;
store.steampowered.com/news/app/251290/The_Legend_of_Heroes_Trails_in_the_Sky_SC/?updates=true;;;;;;;;;;;;
store.steampowered.com/news/app/597220/West_of_Loathing/?updates=true;;;;;;;;;;;;
store.steampowered.com/news/app/22370/Fallout_3_Game_of_the_Year_Edition/?updates=true;;;;;;;;;;;;
store.steampowered.com/news/app/601050/Attack_on_Titan_2__AOT2/?updates=true;;;;;;;;;;;;
store.steampowered.com/news/app/1267910/Melvor_Idle/?updates=true;;;;;;;;;;;;
store.steampowered.com/news/app/1076200/Roguebook/?updates=true;;;;;;;;;;;;
store.steampowered.com/news/app/394510/HELLDIVERS_Dive_Harder_Edition/?updates=true;;;;;;;;;;;;
