title,update_count2
soul room - Steam News Hub,6
Ninja Power Slasher - Steam News Hub,3
天火(TianHuo) - Steam News Hub,1
Fant Kids Animated Puzzle - Steam News Hub,1
Steel Fight - Steam News Hub,5
Five Day Great Escape 五日大逃亡 - Steam News Hub,1
圈圈工坊 OO.Inc - Steam News Hub,1
Tsukumono / つくもの / 付者 - Steam News Hub,7
Tsukumono / つくもの / 付者 - Steam News Hub,7
Bullynoid - Steam News Hub,5
ISLAND 404 - Steam News Hub,3
Wild Ride - Steam News Hub,1
PsyShift - Steam News Hub,29
The.Thend.End - Steam News Hub,6
Helidefence - Steam News Hub,7
Shaverma: Ravshan Edition - Steam News Hub,5
Color Knight - Steam News Hub,3
Tecroroid Assault - Steam News Hub,11
Stone In Galaxy - Steam News Hub,5
Burning Out - Steam News Hub,1
Boom Boom Bovine - Steam News Hub,3
Don't Shoot Rabbit / 不要射中兔子 - Steam News Hub,9
Yo My Yo! - Steam News Hub,1
No Crossing - Steam News Hub,7
Galactic Incoming - Steam News Hub,1
Curfew - Steam News Hub,1
Deathdays End - Steam News Hub,4
NEONARCADE: adventure puzzle muse - Steam News Hub,1
Toy Road Constructor - Steam News Hub,7
Paroniria 梦缚 - Steam News Hub,6
Time Virus - Steam News Hub,1
Dark Trail - Steam News Hub,1
Red Blue - Steam News Hub,1
7-minute HOP - Steam News Hub,3
Super Keepy Ups - Steam News Hub,4
Yet Another Snake Game - Steam News Hub,1
There Is No Turning Back! - Steam News Hub,3
Slide to finish - Steam News Hub,1
Battle Arena: Euro Wars - Steam News Hub,3
SCUOS - Steam News Hub,1
The Cells - Steam News Hub,1
Pumpkin Death Garden - Steam News Hub,8
Volcan Defend the Tower - Steam News Hub,3
Evidence of Life - Steam News Hub,3
Standard Legend - Steam News Hub,7
Journey Through Memories - Steam News Hub,1
Expedition Oregon - Steam News Hub,1
BoxTheTop - Steam News Hub,3
Slime Quest - Steam News Hub,1
Xobox - circle and cross - Steam News Hub,5
Drunk Puppet - Steam News Hub,1
战术狂想3-枪战足球(Chimera of Tactics 3-Gun and Soccer) - Steam News Hub,1
Mariner Accident - Steam News Hub,9
Robot Female Hero 1 - Steam News Hub,5
Stackems - Steam News Hub,9
Slingshot Explorer: The Twelve Towers - Steam News Hub,8
海底寻宝 - Steam News Hub,1
Cat Fu Mi - Steam News Hub,1
Lamp Man Down - Steam News Hub,4
Legends of Koyannis - Steam News Hub,4
BreakHack - Steam News Hub,33
Angry Ball VR - Steam News Hub,9
Torii Path - Steam News Hub,3
Duck's Inferno - Steam News Hub,1
Kyiv: from dusk till dawn with Lenovo Explorer - Steam News Hub,1
The Bloobles and the Quest for Chocolate - Steam News Hub,3
ICan - Steam News Hub,3
Lifespan 5seconds - Steam News Hub,1
Squid Vs Vexus - Steam News Hub,1
Plunder Squad - Steam News Hub,1
Egg Hunt - Steam News Hub,1
Jar Sam - Steam News Hub,1
Where Humans Shouldn't Go - Steam News Hub,3
Piano Bar - Steam News Hub,8
Click and Manage Tycoon - Steam News Hub,5
Cube Full of Mines - Steam News Hub,8
Survivor in Summer - Steam News Hub,3
Decisions - Steam News Hub,10
Checkmate! - Steam News Hub,1
Here Nya - Steam News Hub,1
Gallows Choice - Steam News Hub,1
Boons Farm - Steam News Hub,3
Super Frog's Quest - Steam News Hub,5
Cave under Richmordnom - Steam News Hub,1
Kitten and food: adventure park - Steam News Hub,3
PlatBall - Steam News Hub,3
Time Carnage - Steam News Hub,7
Audio Infection - Steam News Hub,20
Shudder - Steam News Hub,7
CRACKPOT DESPOT: TRUMP WARFARE - Steam News Hub,1
Flying Soul - Steam News Hub,6
Wandering Owl - Steam News Hub,10
梦本无忧 - Steam News Hub,1
Glow Chess - Steam News Hub,1
BigBoy - Visual Novel - Steam News Hub,1
Combiner the Card Game - Steam News Hub,1
Age Of Forays - Steam News Hub,1
The Call - Steam News Hub,15
Tactic Code - 战术代码 - Steam News Hub,9
建筑大冒险 Architectural Adventure - Steam News Hub,1
Wandering Star - Steam News Hub,10
Galactis - Steam News Hub,1
Starkid's Obstacle Course - Steam News Hub,6
LUXO Buddies - Steam News Hub,1
Hungry Shadows - Steam News Hub,1
Bullets in the Space - Steam News Hub,9
Merlin Soccer - Steam News Hub,1
Robot Chase - Steam News Hub,1
Swing the cat - Steam News Hub,3
Duels of the Planeswalkers Gold Game Bundle - Steam News Hub,1
Serious Sam HD: Gold Edition - Steam News Hub,1
Prince of Persia: The Forgotten Sands™ Digital Deluxe Edition - Steam News Hub,1
Chiptune DJ - Steam News Hub,1
无法传达的话语（Words cannot convey） - Steam News Hub,1
Maze Quest 1: The Forest - Steam News Hub,1
Battle Of Worldviews - Steam News Hub,1
Knight King Assassin - Steam News Hub,3
Echoes World - Steam News Hub,1
Open Space 2D - Steam News Hub,5
Ritter - Steam News Hub,1
Epic Helicopter - Steam News Hub,1
Jelly Wrestle - Steam News Hub,1
BrutalAliens - Steam News Hub,3
Night of the Shrub Part 2 - Steam News Hub,1
UnBorn - Steam News Hub,1
Neon Cat Tickler - Steam News Hub,1
Exo-Adventures - Steam News Hub,3
Slider - Steam News Hub,1
Golden Fall - Steam News Hub,5
HyperZen Training - Steam News Hub,3
Nocturne of Steel - Steam News Hub,1
Three life - Steam News Hub,1
Take Care of the Paperwork - Steam News Hub,3
"Voice Shooter ""Pif Paf"" - Steam News Hub",5
The Battle Of Ages - Steam News Hub,5
The Journey to Fairytales - Steam News Hub,7
PowerUp Elevation - Steam News Hub,3
Street Karate - Steam News Hub,1
Rage of the Pumpkins - Space Prostitutes Must Die! Again - Steam News Hub,5
Devochka Quest - Steam News Hub,1
One Jump Bomb - Steam News Hub,5
Bookers: Underground Chapter - Steam News Hub,3
Call each NEW YEAR - Steam News Hub,1
Hum Drum Experiences - Steam News Hub,1
Hectic Void - Steam News Hub,21
Wizard Street - Steam News Hub,4
Grid Games: Color Coded - Steam News Hub,5
TrapLand - Steam News Hub,3
Asteroid RKD - Steam News Hub,3
SUPER BALL WRESTLE YES - Steam News Hub,7
SMASH IT - Steam News Hub,1
ZOOMnBOOM - Steam News Hub,5
Up And Up - Steam News Hub,12
Sapper boom! - Steam News Hub,1
Sakura and Crit: The Mock Game - Steam News Hub,13
PLANET RESERVE - Steam News Hub,3
kicker - Steam News Hub,1
Solitude - Escape of Head - Steam News Hub,3
"3, 2, 1, SURVIVE ! - Steam News Hub",3
Blueprint - Steam News Hub,1
E3.14CENTER - Steam News Hub,1
Bot Tales: The Crashed - Steam News Hub,7
FrogStatue - Steam News Hub,1
Street Level: Windows Edition - Steam News Hub,1
Sail Ships - Steam News Hub,10
Beyond Minimalism - Steam News Hub,1
Minako - Steam News Hub,1
Smile'N'Slide - Steam News Hub,3
Unexpected Journey 奇幻之旅 - Steam News Hub,15
Cubelz - Steam News Hub,6
Yoke Light - Steam News Hub,1
Adventures of Mike - Steam News Hub,1
Building Block Heroes: Rush Edition - Steam News Hub,1
SPACE BLASTER 8 BIT - Steam News Hub,8
Hokan: Monster Slayer - Steam News Hub,4
Metanoia - Steam News Hub,8
Black Roses - Steam News Hub,1
Stabby Machine - Steam News Hub,9
15 seconds - Steam News Hub,1
Metori - Steam News Hub,14
"Wake Up, Good Guardian! - Steam News Hub",1
荒野寻踪 - Steam News Hub,1
Snail Racer Extreme - Steam News Hub,18
Space Armor 2 - Steam News Hub,1
D.F.R.: The Light VR - Steam News Hub,1
Zen Vs Gravity - Steam News Hub,1
Atex Brawl - Steam News Hub,1
The Stray Cat - Steam News Hub,5
Planet Unknown Runner - Steam News Hub,7
Zombie Hotel - Steam News Hub,5
Vegetaball - Steam News Hub,5
Space Drop - Steam News Hub,1
Action Card Football - Steam News Hub,17
Sky Conqueror - Steam News Hub,1
Rapid - Steam News Hub,3
Roller - Steam News Hub,1
Star Speeder - Steam News Hub,1
Sea Explorer - Steam News Hub,9
Block Smashers VR - Steam News Hub,1
Cowboy : Attack of Wild Animal - Steam News Hub,6
Distant castle - Steam News Hub,1
Knight Fighter - Steam News Hub,1
FantasyDynasty: Le château DERETIC - Steam News Hub,1
Play Top Frag - Steam News Hub,1
Knockdown the Ball - Steam News Hub,3
I Pay No Rent - Steam News Hub,10
Bomb Labyrinth - Steam News Hub,10
Psycho Squirrels - Steam News Hub,5
Mr. Sweet - Steam News Hub,15
Mad Frost - Steam News Hub,15
Ball Escape - Steam News Hub,1
Green General - Steam News Hub,18
Blind Mind - Steam News Hub,1
Crazy Justice - Steam News Hub,1
Syko Swinger - Steam News Hub,8
Questery - Steam News Hub,32
Piano Play 3D - Steam News Hub,9
Hit The Hive - Steam News Hub,21
Corpse Mob - Steam News Hub,7
A Penny For Some Motivation - Steam News Hub,1
Downhill Deceits - Steam News Hub,5
Redshift VR - Steam News Hub,1
Black Circle - Steam News Hub,1
BitBreaker - Steam News Hub,1
Zombow - Steam News Hub,1
Mortal Squad: Portal to Hell - Steam News Hub,3
Space Flowers - Steam News Hub,17
Packed Train - Steam News Hub,3
LIGHT - Steam News Hub,1
ZYTERNION - Steam News Hub,1
Cheese Maze - Steam News Hub,4
Box Maze Extreme - Steam News Hub,4
Stunt Hill - Steam News Hub,1
Alien Invasion 3d - Steam News Hub,1
BurningBridges VR - Steam News Hub,5
Spadyssey - Steam News Hub,1
TENKYU - Steam News Hub,3
Fix Race - Steam News Hub,4
Production Sound / 产声 - Steam News Hub,1
Perspecto - Steam News Hub,1
Night of the Shrub Part 1 - Steam News Hub,8
Amora - Steam News Hub,5
Planet Assault - Steam News Hub,1
Swingy Sword - Steam News Hub,10
Swingy Sword - Steam News Hub,10
Ratergy - Steam News Hub,3
Bomb Hunter MT - Steam News Hub,10
BoxEngine - Steam News Hub,1
Digital Runner - Steam News Hub,1
Quickshot - Steam News Hub,1
Ball Driver - Steam News Hub,1
Outline - Steam News Hub,1
Game of Drones - Steam News Hub,1
Samba Shooter - Steam News Hub,1
Amazon Rush - Steam News Hub,4
Archibald - Steam News Hub,3
Zombie Murder - Steam News Hub,1
The Next Day After Friday - Steam News Hub,1
Mission Of Hero - Steam News Hub,1
FAUCET VR - Steam News Hub,1
BeeFender - Steam News Hub,22
Piano Cat - Steam News Hub,13
War Of Spells - Steam News Hub,17
Just One Color - Steam News Hub,1
CubicPanic - Steam News Hub,1
Stack & Crack - Steam News Hub,1
AngeliaLost - Steam News Hub,1
NickProject - Steam News Hub,1
Nothing to God - Steam News Hub,1
RANDOM rooms - Steam News Hub,1
Dread station - Steam News Hub,1
war1:various fighters - Steam News Hub,1
Hidden Life - Steam News Hub,1
Cowboy Escape - Steam News Hub,1
FriendZoned Archer - Steam News Hub,3
Space Fighters - Steam News Hub,31
Ninja jump - Steam News Hub,1
Life Lessons - Steam News Hub,3
Looney Rally - Steam News Hub,8
Star Clash - Steam News Hub,5
COSH - Steam News Hub,1
Viral Cry - Steam News Hub,15
Techno Boy - Steam News Hub,1
Tommyknockers - Steam News Hub,7
XBall Champion - Steam News Hub,6
Army of Squirrels - Steam News Hub,3
Star-Pit Starship - Steam News Hub,3
Sunburnt - Steam News Hub,5
Atomic Heist - Steam News Hub,5
For Food Sake! VR - Steam News Hub,3
Space Chip - Steam News Hub,1
Monktastic - Steam News Hub,1
Five Keys to Exit - Steam News Hub,6
Project Tank - Steam News Hub,1
Hexer - Steam News Hub,4
Mech Troid - Steam News Hub,1
Wanderfog - Steam News Hub,46
Back to the 80's - Steam News Hub,1
American Farmer - Steam News Hub,3
CONTAINMENT - Steam News Hub,3
Galactic Delivery - Steam News Hub,1
The Rising of the Rose Ocelot - Steam News Hub,1
The Drain Collector - Steam News Hub,1
Ladybird Reflect - Steam News Hub,1
Jambo - Steam News Hub,1
Lightform - Steam News Hub,6
hOSHIs Elektronauts - Steam News Hub,6
Sorcerer's Path - Steam News Hub,6
Kamikazo VR - Steam News Hub,1
Lozenge - Steam News Hub,1
Powerless - Steam News Hub,1
Temple of Xiala - Steam News Hub,3
Vector's Adventures - Steam News Hub,5
Drifting Cloud - Steam News Hub,1
PIXEL DRIFT - Steam News Hub,1
Play Cube with Uncle Billy - Steam News Hub,1
Dab on 'em Haterz - Steam News Hub,8
Multi-Quest - Steam News Hub,1
Domino Effect - Steam News Hub,8
MightyIronBall - Steam News Hub,5
Project Glitch - Steam News Hub,4
Quirky Crook - Steam News Hub,1
Daydream - Steam News Hub,5
Lost In Maze - Steam News Hub,23
Cubit - Steam News Hub,3
Dark Wish - Steam News Hub,17
Lost Summoner Kitty - Steam News Hub,1
Infinity Escape - Steam News Hub,1
Jump! Jump! Jump! - Steam News Hub,3
Tile Typer - Steam News Hub,3
Action Rush - Steam News Hub,11
The Ultimate Heist - Steam News Hub,7
KOLOBOK - Steam News Hub,1
Alive Hunter - Steam News Hub,1
OutBreak: The Escape - Steam News Hub,3
Born Tubi Wild - Steam News Hub,3
One Against The Galaxy - Steam News Hub,4
Meteors - Steam News Hub,1
War on Drugs VR - Steam News Hub,4
Twinstack - Steam News Hub,11
Sounds of Music - Steam News Hub,1
Intergalactic traveler: The Omega Sector - Steam News Hub,53
Fight desserts - Steam News Hub,1
CRONEWORLD RPG ADVENTURE - 1 - Steam News Hub,1
Bold Blade - Steam News Hub,5
SpacePig - Steam News Hub,1
Tevris - Steam News Hub,1
Terra Tanks: Defenders of the Earth - Steam News Hub,1
Flow Handcrafted - Steam News Hub,3
Haunted Dream House - Steam News Hub,1
Orblitz - Steam News Hub,1
HeadSquare - Multiplayer VR Ball Game - Steam News Hub,1
Square Massacre - Steam News Hub,1
Technosphere - Collector's Edition - Steam News Hub,13
Dream Channel - Steam News Hub,1
Perspectrip - Steam News Hub,1
Neven - Steam News Hub,1
Stay Woke Etheral Edition - Steam News Hub,7
"Burn, Clown, Burn! - Steam News Hub",1
Virality - Steam News Hub,1
Verzaken! VR Adventure - Steam News Hub,15
Monsterplants vs Bowling - Arcade Edition - Steam News Hub,1
Winter's Symphonies - Steam News Hub,1
TrES-2b - Steam News Hub,1
Kink - Steam News Hub,1
Forgotten Light - Steam News Hub,1
TRIM - Steam News Hub,3
The Scrungeon Depths - Steam News Hub,7
Merv Reborn - Steam News Hub,9
Peter World - Steam News Hub,7
Rocketboarder - Steam News Hub,4
Trooper 1 - Steam News Hub,1
Maze of Gaea（Real Maze VR Simulation） - Steam News Hub,3
Bit Bullet - Steam News Hub,16
The Under - Steam News Hub,1
SoM Soul Of Mask - Steam News Hub,3
Another Rocket Game - Steam News Hub,1
Mind Sweeper VR - Steam News Hub,3
LightTrack - Steam News Hub,1
Fallen Kingdom - Steam News Hub,1
Dean Daimon - Steam News Hub,14
Snake Treasure Chest - Steam News Hub,3
American Angst (Steam Deluxe Edition) - Steam News Hub,8
Bounce Ball - Steam News Hub,1
Blasteron - Steam News Hub,5
Get To Amkonius - Steam News Hub,1
Mad Gardener: Zombie Massacre - Steam News Hub,1
Grey Zone - Steam News Hub,3
Dead Noir the Heart - Steam News Hub,3
Left&Right - Steam News Hub,1
ZombieThon - Steam News Hub,3
Solar Collector - Steam News Hub,3
WIL - Steam News Hub,1
Bubble Rush - Steam News Hub,3
Konrad the Rocket - Steam News Hub,1
Crazy Toad - Steam News Hub,1
Endless Wave - Steam News Hub,1
Endless Treasure Hunt - Steam News Hub,5
Pivot Puzzles - Steam News Hub,3
ToeJam & Earl in Panic on Funkotron - Steam News Hub,1
ToeJam & Earl - Steam News Hub,1
Shining in the Darkness - Steam News Hub,1
Light Crusader - Steam News Hub,1
Landstalker: The Treasures of King Nole - Steam News Hub,1
Gunstar Heroes - Steam News Hub,1
Sword of Vermilion™ - Steam News Hub,1
Flicky™ - Steam News Hub,1
ESWAT™: City Under Siege - Steam News Hub,1
Owl's Midnight Journey - Steam News Hub,1
YAGZZ! - Steam News Hub,7
Mirrors - Steam News Hub,21
Low Desert Punk - Steam News Hub,3
TriElement - Steam News Hub,5
Crucible Trails : Initial Rupture - Steam News Hub,6
Prison Chainball Massacre - Steam News Hub,8
The Base - Steam News Hub,3
PaperCat - Steam News Hub,1
The Man in the Cape: Special Edition - Steam News Hub,5
CaveDuel - Steam News Hub,1
Celtabula - Steam News Hub,1
Empress of Gold - Steam News Hub,1
Onager! - Steam News Hub,5
Captain 13 Beyond the Hero - Steam News Hub,5
All Cows In - Steam News Hub,1
Keeplanet - Steam News Hub,3
Mafia is Alive - Steam News Hub,5
The market trader - Steam News Hub,1
WackIt - Steam News Hub,1
NanoScape - Steam News Hub,3
Space Wrangler - Steam News Hub,9
Piatka - Steam News Hub,3
Pixel To The West - Steam News Hub,4
Coffee Pixes - Steam News Hub,1
Charpi - Steam News Hub,5
Martha Madison: Waves - Steam News Hub,1
Martha Madison: Energy - Steam News Hub,1
Castle Demolition VR - Steam News Hub,1
Martha Madison: Magnetism - Steam News Hub,1
Martha Madison: Simple Machines Volume 2 - Steam News Hub,1
Neo Angle - Steam News Hub,3
Astron Jump Baby - Steam News Hub,1
Don't Explode - Steam News Hub,1
Two Escapes - Steam News Hub,12
Community Garden - Steam News Hub,43
Cat's Lover - Steam News Hub,3
RoadRunner VR - Steam News Hub,1
Parkour - Steam News Hub,1
Skeleton Sprint - Steam News Hub,7
Martha Madison: Simple Machines Volume 1 - Steam News Hub,1
Korvae in space - Steam News Hub,7
BoidWatch - Steam News Hub,1
Baobabs Mausoleum Ep.2: 1313 Barnabas Dead End Drive - Steam News Hub,10
Sobreviva - Steam News Hub,37
VRRV - Steam News Hub,1
Robot Heroes - Steam News Hub,3
ReallyGoodBattle - Steam News Hub,1
Martha Madison: Forces - Steam News Hub,1
TurretMaster - Steam News Hub,10
Alienzix - Steam News Hub,1
Geometry World - Steam News Hub,1
Sudokube - Steam News Hub,1
Rules of Destruction - Steam News Hub,3
Galaxia Conquestum - Steam News Hub,3
The Dark Age I : Zordon's Empire - Steam News Hub,32
Solmec: Among Stars - Steam News Hub,1
Fur Up - Steam News Hub,4
Elly The Jelly - Steam News Hub,1
Adventures of the Worm - Steam News Hub,1
ARRAYNIUM - Steam News Hub,1
Hare - Steam News Hub,6
OM6N - Steam News Hub,20
Where the Money Is - Steam News Hub,1
DAMN! - Steam News Hub,1
Brain Crush - Steam News Hub,9
Skyraine - Steam News Hub,5
Slingshot Hero VR - Steam News Hub,1
DEFENDER OF EARTH VS THE ALIEN ARMADA - Steam News Hub,1
Guardian - Steam News Hub,1
Gulu - Steam News Hub,1
Town - Steam News Hub,1
Sweet Magic Madness - Steam News Hub,1
An Occasional Dream - Steam News Hub,3
Super Mr. Kake - Steam News Hub,4
The Dungeon Power - Steam News Hub,11
Light in the dark - Steam News Hub,1
Six-ear Macaque - Steam News Hub,3
Jack & the cat - Steam News Hub,5
StickDodgeVR - Steam News Hub,10
Fighting For Food - Steam News Hub,11
Fire Fighter - Steam News Hub,1
The Nose - Steam News Hub,4
Vintage Hero - Steam News Hub,1
Luna - Steam News Hub,1
火箭星战 Star-Rocket Strike - Steam News Hub,9
Juke - Steam News Hub,41
Death Runner - Steam News Hub,1
SQUARE BOX - Steam News Hub,1
Hoop Shot VR - Steam News Hub,1
Shn!p - Steam News Hub,1
IsoBoom - Steam News Hub,8
This is not RPG - Steam News Hub,10
The Cerberus Project: Horde Arena FPS - Steam News Hub,1
Fos - Steam News Hub,1
Dawn of H'btakh - Steam News Hub,1
Orbit Defender - Steam News Hub,1
Visitors: Marine Invasion - Steam News Hub,1
Simplefield - Steam News Hub,12
Shattered God - Quest for the Divine Relic - Steam News Hub,13
Abraxas Interactive's PUSH - Steam News Hub,5
Retro Block VR - Steam News Hub,1
Space Scumbags - Steam News Hub,1
Diving Trunks - Steam News Hub,15
Loptice - Steam News Hub,1
The war god : The artifact - Steam News Hub,1
bead - Steam News Hub,3
Darkness and a Crowd - Steam News Hub,43
Canvas Quest - Steam News Hub,47
Starfighter General - Steam News Hub,79
Rome Circus Maximus: Chariot Race VR - Steam News Hub,1
quadrantica - Steam News Hub,5
Block Robot Mini Survival Game - Steam News Hub,1
Outpost L5 - Steam News Hub,12
SkiFy - Steam News Hub,5
Exocomets - Steam News Hub,4
F.E.X (Forced Evolution Experiment) - Steam News Hub,6
PHAT STACKS 2 - Steam News Hub,1
Numberline 2 - Steam News Hub,5
Square x Square - Steam News Hub,3
DinoBlaster - Steam News Hub,3
The First Time I Died - Steam News Hub,3
Spin the Beat - Steam News Hub,17
Eternal Maze - Steam News Hub,1
The Mechanical Room VR - Steam News Hub,1
Khufu's Delivery Service - Steam News Hub,3
Chromaestro - Steam News Hub,1
Bump+Smack - Steam News Hub,13
NEON GALAXY - Steam News Hub,1
Naklua VR - Steam News Hub,7
Be Quiet! - Steam News Hub,43
Mob Stadium - Steam News Hub,1
Distant Nightmare - Virtual reality - Steam News Hub,1
Robot Pirates - Steam News Hub,49
Flame of Mirrors - Steam News Hub,1
The Sun Never Sets - Steam News Hub,1
Somewhere on Zibylon - Steam News Hub,7
Tilted Mind - Steam News Hub,5
Sorgina: A Tale of Witches - Steam News Hub,10
Shadows in the Darkness - Steam News Hub,13
No Clue VR - Steam News Hub,13
Magic Masks - Steam News Hub,7
Plague Road - Steam News Hub,1
Cellz - Steam News Hub,6
One Bullet left - Steam News Hub,10
RetroFighter VR - Steam News Hub,1
Battle for Enlor - Steam News Hub,10
Battle Bolts - Steam News Hub,11
BoostBots VR - Steam News Hub,3
Pix - Steam News Hub,4
LASER STRIKERS - Steam News Hub,1
Rogue'n Roll - Steam News Hub,6
Escape 2042 - The Truth Defenders - Steam News Hub,3
Ascender - Steam News Hub,8
Absent Mind - Steam News Hub,5
Martha Madison: Optics - Steam News Hub,1
Neon8 - Steam News Hub,1
a nifty game - Steam News Hub,1
Paper Quest - Steam News Hub,3
Leashed Soul - Steam News Hub,8
High Templar VR - Steam News Hub,1
Deliverace - Battle Racing - Steam News Hub,29
Mad Dojo - Steam News Hub,9
Dash Fleet - Steam News Hub,1
Chowdertwo - Steam News Hub,7
MORTEM - Steam News Hub,9
Surfasaurus - Steam News Hub,1
Journey: Benjamin's Adventures - Steam News Hub,1
Fly Away - Steam News Hub,6
A God-Like Backhand! - Steam News Hub,11
Siege And Destroy - Steam News Hub,7
Draw The Way - Steam News Hub,10
Boost - Steam News Hub,4
Dark Shores - Steam News Hub,4
The Veteran VR - Steam News Hub,6
The Existence Abstract - Steam News Hub,3
Holiday Simulator : Wacky Sleigh Ride - Steam News Hub,1
The Mine - Steam News Hub,3
Elephant Express VR - Steam News Hub,9
Holo-Graham - Steam News Hub,1
Santa's Special Delivery - Steam News Hub,3
Star Kingdom - The Elements - Steam News Hub,1
Teria - Steam News Hub,14
Beach Bowling Dream VR - Steam News Hub,9
Gold Crusader - Steam News Hub,3
Fan Fun - Steam News Hub,1
Heavily Armed - Steam News Hub,1
aMAZEing adventures - Steam News Hub,18
Fantasy Fairways - Steam News Hub,18
Danger Room - Steam News Hub,7
Anguished - Steam News Hub,1
Primitive Road - Steam News Hub,3
Willie's Haunted Hayride - Steam News Hub,1
Blowhards - Steam News Hub,3
Oblivion's Edge - Steam News Hub,1
Chilie - Steam News Hub,1
Leviathan Starblade - Steam News Hub,9
Leviathan Starblade - Steam News Hub,9
Merchants & Mercenaries - Steam News Hub,1
Ancient Code VR( The Fantasy Egypt Journey) - Steam News Hub,3
Tyto Online - Steam News Hub,45
Guardian of The Demon Valley - Steam News Hub,1
Crumbled World - Steam News Hub,20
TRI.DEFENDER - Steam News Hub,4
TURGUL: RAPID FIGHTING - Steam News Hub,3
Brumm - Steam News Hub,7
The Writer: A Change Of Identity - Steam News Hub,11
Wild Arena - Steam News Hub,7
ShapeRockets - Steam News Hub,11
The Planet of the Vicious Creatures - Steam News Hub,11
Kyurinaga's Revenge - Steam News Hub,11
Violet Haunted - Steam News Hub,1
Twixel - Steam News Hub,3
Elems - Steam News Hub,3
Very Real Chess - Steam News Hub,4
The Construct - Steam News Hub,11
Captain Lycop : Invasion of the Heters - Steam News Hub,7
Defense of Castle Chilly - Steam News Hub,18
Gemstone Keeper - Steam News Hub,18
Zenza - Steam News Hub,1
Star Boss - Steam News Hub,1
Edge Guardian - Steam News Hub,17
The Garden - Steam News Hub,1
Fancy Slingshot VR - Steam News Hub,1
Super GunWorld 2 - Steam News Hub,5
Mythic Victory Arena - Steam News Hub,48
Galactic Fighters - Steam News Hub,32
Miaou Moon - Steam News Hub,10
Aviators - Steam News Hub,12
Birdtual Reality - Steam News Hub,1
The Tower: Last Stand - Steam News Hub,1
Duckles: the Jigsaw Witch - Steam News Hub,5
Aleph Null - Steam News Hub,5
Cloudbase Prime - Steam News Hub,36
MiniBotz - Steam News Hub,27
Strike Squadron: Caracará - Steam News Hub,17
Ghost Pursuit VR - Steam News Hub,28
Neon Exile - Steam News Hub,18
Graveyard Smash - Steam News Hub,5
Saving Harmony - Steam News Hub,5
Fast and Curious - Steam News Hub,1
Way of Redemption - Steam News Hub,7
The Ember Saga: A New Fire - Steam News Hub,22
Geo-Fall - Steam News Hub,1
RX squad - Steam News Hub,1
Alchemist Penguin - Steam News Hub,1
Gear Gauntlet - Steam News Hub,1
Cheaters Blackjack 21 - Steam News Hub,14
Spooky Heroes - Steam News Hub,11
Sphoxie - Steam News Hub,4
9Grids VR - Steam News Hub,1
JOLT: Super Robot Racer - Steam News Hub,15
NAL Is Alive - Steam News Hub,23
BoX -containment- - Steam News Hub,1
Super ComboMan: Smash Edition - Steam News Hub,5
Hexaverse - Steam News Hub,3
Nebula - Steam News Hub,1
Occurrence at JCR Outpost - Steam News Hub,3
Memoir En Code: Reissue - Steam News Hub,6
Fantasy Bump - Steam News Hub,3
Insignificant - Steam News Hub,7
Star Surveyor - Steam News Hub,1
Subterrarium - Steam News Hub,3
Bootleg Systems - Steam News Hub,4
Grey Phobia - Steam News Hub,8
Led It Rain - Steam News Hub,45
Shadow Over Isolation - Steam News Hub,10
Initia: Elemental Arena - Steam News Hub,5
Izeriya - Steam News Hub,1
StreetCraft - Steam News Hub,6
Bipolar Game - Steam News Hub,3
Retool - Steam News Hub,9
Panic Pump - Can you save them ALL? - Steam News Hub,3
Glory Warrior : Lord of Darkness - Steam News Hub,4
Bug N Out - Steam News Hub,1
Music of the Spheres - Steam News Hub,1
Zipple World 2: The Sweet Chaos - Steam News Hub,12
The Way Of Love: Sub Zero - Steam News Hub,3
Disobey - Revolt Simulator - Steam News Hub,5
SteamDolls VR - Steam News Hub,5
Draco Dux - Steam News Hub,7
Sokos - Steam News Hub,1
Longshot Universe - Steam News Hub,6
R.C. Bot Inc. - Steam News Hub,3
Sector 724 - Steam News Hub,3
Wizards:Home - Steam News Hub,4
Medieval Battlefields - Black Edition - Steam News Hub,1
"States, Firms, & Households - Steam News Hub",10
GAIN - Steam News Hub,5
VReakout - Steam News Hub,7
Minigame Party VR - Steam News Hub,5
Hastilude - Steam News Hub,1
A Land Fit For Heroes - Steam News Hub,7
Ashes of Lemuria - Steam News Hub,5
Dashing Dinos - Steam News Hub,3
World Of Undead - Steam News Hub,7
Shiny Gauntlet - Steam News Hub,7
Mini Metal - Steam News Hub,1
Rally Copters - Steam News Hub,3
A Tofu Tail - Steam News Hub,3
DownWind - Steam News Hub,1
Thousands of Years Later - Steam News Hub,13
What the Dark Keeps - Steam News Hub,31
Hacked - Steam News Hub,1
Insane - Steam News Hub,5
The Rebel - Steam News Hub,1
One Clone Left - Steam News Hub,18
Forging Glory - Steam News Hub,14
Snakes on an Extradimensional Plane - Steam News Hub,3
Cubikolor - Steam News Hub,3
DAMAGE CONTROL - Steam News Hub,11
Mini's Magic World - Steam News Hub,1
Grid Masters - Steam News Hub,11
Phlyndir - Steam News Hub,1
Spells 'n' Stuff - Steam News Hub,14
Watson's Watch - Steam News Hub,20
Ad Exitum - Steam News Hub,14
Let's Eat! Seaside Cafe - Steam News Hub,4
Irrational Exuberance - Steam News Hub,1
Prism - Steam News Hub,8
Insane Insects: The Inception - Steam News Hub,3
Endless Burst - Steam News Hub,1
Mind Dead - Steam News Hub,5
Quest of Souls - Steam News Hub,10
Star Rogue - Steam News Hub,25
Castle Heist: Chapter 1 - Steam News Hub,1
Project Graviton - Steam News Hub,9
VIOLET: Space Mission - Steam News Hub,3
The Wake - Steam News Hub,1
Glory Kingdom - Steam News Hub,1
Wanderjahr - Steam News Hub,9
Planet 1138 - Steam News Hub,1
Attack of the Mutant Fishcrows - Steam News Hub,1
Lost Bros - Steam News Hub,22
Spheria - Steam News Hub,7
Nature Defenders - Steam News Hub,3
Duplexer - Steam News Hub,10
Didgery - Steam News Hub,1
Super Intergalactic Gang - Steam News Hub,5
Beyond Dimensions - Steam News Hub,7
Ethereal Legends - Steam News Hub,14
Into the Belly of the Beast - Steam News Hub,7
Nordenfelt - Steam News Hub,5
PRiO - Steam News Hub,4
Swift - Steam News Hub,1
Walk The Light - Steam News Hub,1
Block Rocking Beats - Steam News Hub,17
Sword 'N' Board - Steam News Hub,39
Celestrion - Steam News Hub,1
The Admin - Steam News Hub,7
Miolhr - Steam News Hub,124
Color By - Steam News Hub,6
The Light Empire - Steam News Hub,43
Quatro Luzes - Steam News Hub,7
Jewel bits - Steam News Hub,1
Go To Bed: Survive The Night - Steam News Hub,3
The Invasion of Area 51 - Steam News Hub,1
Daydream Blue - Steam News Hub,1
Tactics Forever - Steam News Hub,9
Eekeemoo - Splinters of the Dark Shard - Steam News Hub,1
Save the Creatures - Steam News Hub,5
Quantum Lock - Steam News Hub,4
Mass Vector - Steam News Hub,8
Antegods - Stonepunk arena shooter - Steam News Hub,5
Shadow Corps - Steam News Hub,5
One Final Chaos - Steam News Hub,1
Axes and Arrows - Steam News Hub,1
Stone Tales - Steam News Hub,3
Lands of Hope Redemption - Steam News Hub,11
ItzaZoo - Steam News Hub,1
Birth of Shadows® - Steam News Hub,10
Tisnart Tiles - Steam News Hub,7
Fjall - Steam News Hub,5
Super Bomb Rush! - Steam News Hub,9
gShift - Steam News Hub,3
gShift - Steam News Hub,3
Volvox - Steam News Hub,1
Dolguth - Steam News Hub,7
An Alien with a Magnet - Steam News Hub,5
Fish or Die - Steam News Hub,30
Unnamed Fiasco - Steam News Hub,1
"Zombie Hunter, Inc. - Steam News Hub",16
Pyramid Raid - Steam News Hub,12
Judgement - Steam News Hub,1
UnderEarth - Steam News Hub,46
OVERGRAVITY - Steam News Hub,4
CortexGear: AngryDroids - Steam News Hub,3
DungeonRift - Steam News Hub,13
Questria: Rise of the Robot Skullfaces - Steam News Hub,12
World Defense : A Fragmented Reality Game - Steam News Hub,15
Hypership Out of Control 2 - Steam News Hub,11
SBX: Invasion - Steam News Hub,5
Dale Hardshovel HD - Steam News Hub,5
Nebulous - Steam News Hub,7
Alexia Crow and the Cave of Heroes - Steam News Hub,6
Warlock's Citadel - Steam News Hub,12
Super Goo Goo - Steam News Hub,3
Our Nation's Miner - Steam News Hub,7
Dark Ages - Steam News Hub,4
Shadow Warrior (Classic) - Steam News Hub,4
Monuments of Mars - Steam News Hub,4
500 Years Act 1 - Steam News Hub,1
Trigger Saint - Steam News Hub,37
Hypership Out of Control - Steam News Hub,1
Spellbind - Steam News Hub,4
Sector Zero - Steam News Hub,1
Drew and the Floating Labyrinth - Steam News Hub,1
Rotieer - Steam News Hub,1
Decap Attack™ - Steam News Hub,1
Columns™ III - Steam News Hub,1
Bio-Hazard Battle™ - Steam News Hub,1
Alien Storm - Steam News Hub,1
Ristar™ - Steam News Hub,1
Kid Chameleon™ - Steam News Hub,1
Fatal Labyrinth™ - Steam News Hub,1
Eternal Champions™ - Steam News Hub,1
Ecco™ Jr. - Steam News Hub,1
Columns™ - Steam News Hub,1
Bonanza Bros.™ - Steam News Hub,1
Space Harrier™ II - Steam News Hub,1
Shinobi™ III: Return of the Ninja Master - Steam News Hub,1
Gain Ground™ - Steam News Hub,1
Crack Down™ - Steam News Hub,1
Comix Zone™ - Steam News Hub,1
Isaac the Adventurer - Steam News Hub,3
Starwalker - Steam News Hub,20
Man Alive - Steam News Hub,1
Blasted Fortress - Steam News Hub,16
Retro Commander - Steam News Hub,1
BOMB Dedicated Server - Steam News Hub,1
Light Bound - Steam News Hub,7
The Thin Silence - Steam News Hub,3
Vincere Totus Astrum - Steam News Hub,3
CubeZ - Steam News Hub,4
Spheritis - Steam News Hub,26
Man in a Maze: Deathmatch - Steam News Hub,1
Triblaster - Steam News Hub,1
Navpoint - Steam News Hub,3
A-Men 2 - Steam News Hub,1
Derrick the Deathfin - Steam News Hub,1
Children of Liberty - Steam News Hub,36
Super Chain Crusher Horizon - Steam News Hub,1
BeatBlasters III - Steam News Hub,1
Miner Wars Arena - Steam News Hub,1
Sleeping Dogs: Ghost Pig - Steam News Hub,1
Atooms to Moolecules Demo - Steam News Hub,1
Wonder Boy in Monster World - Steam News Hub,1
VectorMan 2 - Steam News Hub,1
The Revenge of Shinobi - Steam News Hub,1
Phantasy Star IV: The End of the Millennium - Steam News Hub,1
Phantasy Star III: Generations of Doom - Steam News Hub,1
Phantasy Star II - Steam News Hub,1
Golden Axe III - Steam News Hub,1
Dynamite Headdy - Steam News Hub,1
Box Survivors World - Steam News Hub,10
轩辕剑仙-正统东方修仙传说 - Steam News Hub,1
Crash Cleaner - Steam News Hub,1
Stacky Desktop Edition - Steam News Hub,1
Spinner Breaker - Steam News Hub,1
Subject 95 - Steam News Hub,5
ChicScape - Steam News Hub,1
Mad Mustache - Steam News Hub,1
Detective Bureau Simulator - Steam News Hub,1
Useful Cat - Steam News Hub,1
Net VR Theater - Steam News Hub,11
Ray Attack - Steam News Hub,1
Sand Bullets - Steam News Hub,1
Sand Bullets - Steam News Hub,1
Neon Light - Steam News Hub,1
The Burnt School - Steam News Hub,1
Cub Gym - Steam News Hub,4
Heart of a Bird in a Cage - Steam News Hub,1
冒险时光机 - Steam News Hub,1
Into the Knight - Steam News Hub,1
Cube Space - Steam News Hub,1
Colorize Inspect - Steam News Hub,1
Cat Knight - Steam News Hub,1
SUPER DUPER ISLAND ADVENTURE - Steam News Hub,1
Dark Frame - Steam News Hub,1
Battle Guns Simulator - Steam News Hub,1
BURNT ASHES - Steam News Hub,3
Parallax Tunnel - Steam News Hub,1
The Trigger - Steam News Hub,1
DVOREC - Steam News Hub,1
Neon GraVel - Steam News Hub,1
Maze Workout - Lost Urban Exit Game - Trials2 - Steam News Hub,1
Slime Dungeon Escape - Steam News Hub,1
Battle Royale Craft - Steam News Hub,1
Saphyro - Steam News Hub,1
Maze Workout - Lost Urban Exit Game - Trials1 - Steam News Hub,1
Freyr's Love - Steam News Hub,1
子非猫 - Steam News Hub,1
Trapped - Steam News Hub,1
Out Of The Shelter - Steam News Hub,1
OVERSTARS - Steam News Hub,1
Asteroids Maneuvers - Steam News Hub,1
Nocko - Steam News Hub,1
七彩航行 Colorful Trip - Steam News Hub,1
Present Danger - Steam News Hub,1
PewPew! - Steam News Hub,1
Elder Puzzle - Steam News Hub,1
Boxoku! - Steam News Hub,3
Garetto - Steam News Hub,1
この学園からスタート(Start From School) - Steam News Hub,5
The Road to Gelendzhik Palace - Steam News Hub,1
Toggle - Steam News Hub,1
Must Reach - Steam News Hub,1
Ballistic M.A.D.ness - Steam News Hub,1
Avoid! - Steam News Hub,1
High Smileson - Steam News Hub,1
The Great Unborn - Steam News Hub,1
Nonestory P1 - Steam News Hub,4
Bullet Time - Steam News Hub,1
Dual Cars - Steam News Hub,1
Cavebound - Steam News Hub,10
ZombieVan Drive - Steam News Hub,1
After Meeting - Steam News Hub,1
Yellowlooper - Steam News Hub,3
Tap Those Targets - Steam News Hub,1
Gang wars - Steam News Hub,1
Decabristov Street - Steam News Hub,1
Food Stranding - Steam News Hub,1
Curiosaurios Club. Un viaje espacial - Steam News Hub,1
Meat Lead Fire - Steam News Hub,3
Astro Zip VR - Steam News Hub,1
labyrinth 3 - Steam News Hub,1
疯狂炮炮捕鱼 - Steam News Hub,1
Paladin's Lance - Steam News Hub,1
Paladin's Lance - Steam News Hub,1
Madness Robots - Steam News Hub,1
Scraplers - Steam News Hub,5
Beat The Moles - Steam News Hub,1
Era of Defense - Steam News Hub,1
Click on their Heads - Steam News Hub,1
BELLING COINS - Steam News Hub,1
Fly The Cloud - Steam News Hub,3
ZombieWave-UnlimitedChallenges - Steam News Hub,1
Snowflake S.O.S - Steam News Hub,1
Altarage - Steam News Hub,6
Something Strange in the Woods - Steam News Hub,1
Wind from city - Steam News Hub,1
VikingStory - Steam News Hub,1
Plataforma branca - Steam News Hub,3
Tap-Tap Adventure - Steam News Hub,3
Sun Girls - Steam News Hub,1
Millennium Atoll - Steam News Hub,1
Battle Strike World War - Steam News Hub,5
Breath - Steam News Hub,1
Hollow Destiny - Steam News Hub,5
Lux Ski Jump - Steam News Hub,1
I Am Human! - Steam News Hub,3
傲剑情缘 - Steam News Hub,1
27 Pages - Steam News Hub,1
Metu Caligine - Steam News Hub,5
Snakenpon - Steam News Hub,3
Allotropy - Steam News Hub,1
EXOTIUM - Episode 10 - Steam News Hub,1
EXOTIUM - Episode 9 - Steam News Hub,1
EXOTIUM - Episode 8 - Steam News Hub,1
EXOTIUM - Episode 7 - Steam News Hub,1
EXOTIUM - Episode 6 - Steam News Hub,1
EXOTIUM - Episode 5 - Steam News Hub,1
EXOTIUM - Episode 4 - Steam News Hub,1
EXOTIUM - Episode 3 - Steam News Hub,1
Vladimir 2021 - Steam News Hub,1
EXOTIUM - Episode 2 - Steam News Hub,1
Amazething - Steam News Hub,7
Мистер Вселенная - Steam News Hub,1
Monster Seek Ep.1 - Steam News Hub,4
Elon's Dream - Steam News Hub,1
Disturbed R.I.P. - Steam News Hub,5
Puzzle Bowling - Steam News Hub,1
fEarth.128: An Unexpected Walk - Steam News Hub,1
Space Plane - Steam News Hub,1
Car Jump - Steam News Hub,1
天仙变 - Steam News Hub,1
Flicker - Steam News Hub,1
Delta0 - Steam News Hub,3
Secret of The Lost Keys - Episode I: The Attack on Disred - Steam News Hub,4
Hunt the Lights - Steam News Hub,1
Escape Dinosaur Island - Steam News Hub,1
Grimm Shuffle - Steam News Hub,1
Sudoku Forever - Steam News Hub,1
Heart World - Steam News Hub,3
Pitched Battle - Steam News Hub,1
Geometry Rocket - Steam News Hub,1
Kasmo - Steam News Hub,1
travelsolar - Steam News Hub,1
1Day一天 - Steam News Hub,1
Fugitive Criminal - Steam News Hub,1
Evil Icebox - Steam News Hub,1
Red Falcon - Steam News Hub,1
Archery Arena - Steam News Hub,1
Sweet Tooth 3 - Steam News Hub,1
Squares Rage - Steam News Hub,4
The Arena Guy - Steam News Hub,1
Operation TP - Steam News Hub,1
The Alternate Universe: FIRST 3 EPISODES FREE! (NOT YET AVAILABLE) - Steam News Hub,42
Super Dango - Steam News Hub,3
鹿易想要活到世界尽头 - Steam News Hub,1
Milky Strike - Steam News Hub,1
Loofy - Steam News Hub,3
Cyber Drive - Steam News Hub,5
Stallion Squad - Steam News Hub,13
Tumbled - Steam News Hub,1
Rock'n Cow - Steam News Hub,1
Left Dex - Steam News Hub,1
Todd's Spider Dream - Steam News Hub,1
Puzzle Angry Cat - Steam News Hub,1
Gravitaze: One - Steam News Hub,3
Blobert - Steam News Hub,1
Rise of SamuraizerzZz - Steam News Hub,3
Adapted Adventures: Crystal Cave - Steam News Hub,1
AHH!!! MazeZing - Steam News Hub,1
BlueBete - Steam News Hub,13
MotoRun - Steam News Hub,1
Valletine against Darkne - Steam News Hub,8
Small Iron - Steam News Hub,3
Air Wars - Steam News Hub,1
Ant Force - Steam News Hub,1
Beat Flip - Steam News Hub,1
Dark Farm - Steam News Hub,1
Quintus and the Absent Truth - Steam News Hub,6
COLD DEPTH - Steam News Hub,1
Atria Valkyrie - Steam News Hub,1
pop and well - Steam News Hub,1
Brain Marmelade - Steam News Hub,1
DARK MAZE - Steam News Hub,4
The Fire - Steam News Hub,10
Strange Lands - Steam News Hub,15
Liberated: Free Trial - Steam News Hub,1
Proto Cuckoo 64 - Steam News Hub,1
Factory of Sweets - Steam News Hub,1
The importance of choosing: second chance - Steam News Hub,1
Five Steps From Hell - Steam News Hub,1
Parking Attendant - Steam News Hub,1
miniStrike - Steam News Hub,3
Requiem Aeternam Eden - Steam News Hub,1
Pumpkin Farmer - Steam News Hub,8
Egg Rabbit - Steam News Hub,1
Rollfall: Quest of Acceleration - Steam News Hub,1
Colorize - Steam News Hub,1
Sink - Steam News Hub,5
Dim Glow - Steam News Hub,1
Spirit of dungeon - Steam News Hub,1
Survive.com - Steam News Hub,1
Xendless - Steam News Hub,3
Relic Guardians: Complete - Steam News Hub,1
Bugz! - Steam News Hub,1
Space Castle - Steam News Hub,1
Kenbo - Steam News Hub,1
ZONEX - Steam News Hub,1
Hop Skip Jump - Steam News Hub,11
The Last Surface - Steam News Hub,1
Droid Guier - Steam News Hub,3
Duo Defenders - Tower Defense - Steam News Hub,1
50 Level Survival - Steam News Hub,1
Jane Skriff - Steam News Hub,1
Jane Skriff - Steam News Hub,1
Combat Mech VR - Steam News Hub,3
Born to Kill - Steam News Hub,1
Wire Flying Maid 2 - Steam News Hub,1
Wire Flying Maid 2 - Steam News Hub,1
Truants - Steam News Hub,1
Super Neo Tanks - Steam News Hub,3
Power Of Language - Steam News Hub,1
The Door Of Redemption - Steam News Hub,1
Time Of Special Team(T.O.S.T) - Steam News Hub,1
Axiom Alternative - Steam News Hub,1
Way Far Home - Steam News Hub,1
Feylin - Steam News Hub,1
Robot Invasion - Steam News Hub,1
Helwyr - Steam News Hub,1
Lost Alone - Steam News Hub,1
The Sight in a mirror - Steam News Hub,1
Jumperbird - Steam News Hub,1
Tankfight - Steam News Hub,1
时间卡牌 TimelineCard - Steam News Hub,1
Small Ball - Steam News Hub,1
Tanklike - Steam News Hub,3
Rogue Planet - Steam News Hub,6
ASTROVITY - Steam News Hub,1
CoronaWhomp! - Steam News Hub,1
Express Thru - Steam News Hub,4
Rubble Bubble - Steam News Hub,1
MIBT - Steam News Hub,1
Jack Hayes: The Lazarus Sign - Steam News Hub,9
Boom slayer - Steam News Hub,1
Space Junk - Steam News Hub,1
WC - Steam News Hub,1
Late Stage Inferno - Steam News Hub,3
The Watcher - Steam News Hub,1
Rary - Steam News Hub,1
PiLKO - Steam News Hub,5
Squares - Steam News Hub,3
Box Voyage - Steam News Hub,1
Operation of North Kingdom - Steam News Hub,1
Eagles Expedition - Steam News Hub,1
The Legend of Cesar - Steam News Hub,1
The Employee - Steam News Hub,1
Hunter of the Disowned - Steam News Hub,1
Apocalypse Survivor - Steam News Hub,1
Catovania - Steam News Hub,1
Thrice in a row - Steam News Hub,1
80S escape - Steam News Hub,1
Warehouse attack - Steam News Hub,1
Only One Rectangle - Steam News Hub,1
The Sickle Upon Sekigahara - Steam News Hub,1
ColorsInvasion - Steam News Hub,1
Shoot Covid-19 | 消灭新冠肺炎 - Steam News Hub,1
Looking Glass - Steam News Hub,1
MUSCLE POWER - Steam News Hub,1
方圈 Square Circle - Steam News Hub,1
Flappy Hypership Out of Control - Steam News Hub,1
TUNNEL BIRD - Steam News Hub,1
iMemo - Steam News Hub,1
Hexagon Heroes - Steam News Hub,13
Pity Pit - Steam News Hub,5
30 days of plague - Steam News Hub,1
The Valley of Super Flowers - Steam News Hub,3
Marshmallow Tank - Steam News Hub,3
幻想小镇危机 - Steam News Hub,1
LumberJack - Steam News Hub,1
What The Bear? - Steam News Hub,3
Vilundia - Steam News Hub,1
Summon Masks - Steam News Hub,1
Cuyo - Steam News Hub,4
Entertainment Hero 2 - Steam News Hub,3
OneJump - Steam News Hub,11
Climb the Tower - Steam News Hub,1
The Adventures of Spunk Dodgers and Splat - Steam News Hub,1
Dantes Bullet Inferno - Steam News Hub,1
Mundus Walkers - Steam News Hub,1
禁忌 - Steam News Hub,1
Phalanx of Resistance - Steam News Hub,1
晴空：未来的守望 - Steam News Hub,3
There a no Armadillos in this game - Steam News Hub,1
Boom Stick - Steam News Hub,1
Live To Win - Steam News Hub,1
Bob Wants to Go Home - Steam News Hub,3
GlowyJump - Steam News Hub,1
Tinieblas Jr's Adventures - Steam News Hub,1
Metal Banana - Steam News Hub,3
Dead's Prison Watcher - Steam News Hub,6
Blendy 2 Dolls Factory - Steam News Hub,1
MilvusX - Steam News Hub,1
"Speed And Survive Ball, 速度与幸存之球 - Steam News Hub",1
The Last One Month - Steam News Hub,3
S0 - Steam News Hub,1
Berserker - Steam News Hub,1
The Tide Intro - Steam News Hub,1
ROBOTIX: The Escape - Steam News Hub,1
Feeling Square? - Steam News Hub,6
IMM Defense 2 - Steam News Hub,3
Contract - Steam News Hub,1
Skull's Solitude - Steam News Hub,1
HexiHashi - Steam News Hub,5
Escape from the death castle - Steam News Hub,3
LastShot - Steam News Hub,1
Chase - Steam News Hub,1
HellScape: Two Brothers - Steam News Hub,1
Cold Winter Morning - Steam News Hub,1
Slimey - Steam News Hub,6
Slimey - Steam News Hub,6
P-BOT - Steam News Hub,9
The Legend of Eldridge Scrolls: Woop - Steam News Hub,1
DeeperRed2028-WeAreEscape- - Steam News Hub,1
那美克星人 - Steam News Hub,1
Strings - Steam News Hub,1
The Blueness of a Wound - Steam News Hub,1
生物大冒险 - Steam News Hub,1
Universe Quiz - Steam News Hub,5
Dusk Warlocks - Steam News Hub,1
labyrinth - Steam News Hub,1
Super Crystal Hunter - Steam News Hub,10
FLYING SHOT - Steam News Hub,4
Alchemelee - Steam News Hub,1
Suspicious Slide - Steam News Hub,3
Asset Flip Tycoon Simulator - Steam News Hub,3
Jack troubles - Steam News Hub,1
Cold wires - Steam News Hub,1
The Big SokoBang - Steam News Hub,1
Infection - Steam News Hub,1
aBANdon02 - Steam News Hub,3
Christmas Cats Revenge - Steam News Hub,1
Alien Terminal - Steam News Hub,3
Gravity Balls - Steam News Hub,1
The incredible friends - Steam News Hub,1
Dead territory - Steam News Hub,1
KUMO The Little Robot - Steam News Hub,1
Drone Combat - Steam News Hub,3
PixHunter - Steam News Hub,1
Hoarding Simulator - Steam News Hub,12
Phoenix Tales - Steam News Hub,1
Doom of the Clawn - Steam News Hub,1
ASTROPUPPA - Steam News Hub,1
Slippery Sausage - Steam News Hub,3
Cross Border VR - Steam News Hub,3
Labirint - Steam News Hub,1
PUT IN BAD - Steam News Hub,1
Spellinkers - Steam News Hub,9
Shooting Star - Steam News Hub,1
Little Witch Luana - Steam News Hub,1
Hovershift - Steam News Hub,1
Space zone defender - Steam News Hub,1
Space Carrot - Steam News Hub,7
A Zone - Steam News Hub,1
Lands of Pharaoh: Episode 1 - Steam News Hub,6
Space Road - Steam News Hub,1
Short Scary Stories (Trial Maps) - Steam News Hub,1
Diesel Attack - Steam News Hub,3
Pirate Popper VR - Steam News Hub,1
Puzzle Game: Lee inside TV - Steam News Hub,1
Half-Fly3 - Steam News Hub,1
SafeHome - Steam News Hub,1
Game Breaker - Steam News Hub,3
Piping Hot - Steam News Hub,1
Skyous - Steam News Hub,1
Tank Impact - Steam News Hub,1
Darkour - Steam News Hub,1
Anime Otaku Girl 二次元宅女 - Steam News Hub,1
Dungeon Chest - Steam News Hub,3
Ray Versus - Steam News Hub,7
Divan Chronicles - Steam News Hub,7
我们的国 - Steam News Hub,1
Safari Grounds - The Wilpattu Leopard - Steam News Hub,1
Dual Blade ~ Battle of The Female Ninja ~ - Steam News Hub,1
Code Tracer - Steam News Hub,21
Counter Terrorism - Minesweeper - Steam News Hub,13
Night Road - Steam News Hub,1
GlaiveZ - Steam News Hub,1
Instacalm VR - Steam News Hub,7
Inspector - 生化战警 - Steam News Hub,1
Roy Cluse: Itsy-Bitsy Edition - Steam News Hub,4
Timmy's adventures : VerbMon - Steam News Hub,1
CLIMB OUT! - Steam News Hub,1
Obligation - Steam News Hub,1
Josie's Tank - Steam News Hub,1
P.3 - Steam News Hub,6
Protect the campus - Steam News Hub,1
Far From Orbit - Steam News Hub,1
This Picture - Steam News Hub,1
SnL - Steam News Hub,1
Ultima Defesa - Steam News Hub,1
DeepSea - Steam News Hub,1
Agross - Steam News Hub,1
Pension Day - Steam News Hub,1
Beardy the Digger - Steam News Hub,3
Industriworks - Steam News Hub,15
Player Power - Steam News Hub,1
Color + - Steam News Hub,1
You are apt - Steam News Hub,1
解梦事务所 (Dream Solutions) - Steam News Hub,1
Next Hand Master - Steam News Hub,1
Gem Collector - Steam News Hub,3
Total Ski Jump - Steam News Hub,1
DOWN MEANS UP - Steam News Hub,3
Return to Earth - Steam News Hub,1
Sleep Paralysis : mystery of the mountain village - Steam News Hub,5
Vole Complexity - Steam News Hub,7
Penguins vs. Bugs - Steam News Hub,3
Standball - Steam News Hub,3
Area 51 Defense - Steam News Hub,25
Book Seeker - Steam News Hub,1
Rezist: Tower Defense - Steam News Hub,1
A Wanderer's Adventure - Steam News Hub,1
Wizhood: The Epic of Freedom - Steam News Hub,1
Sanitarium Rush - Steam News Hub,1
Tales of Lazo - Steam News Hub,7
Tower of the Alchemist - Steam News Hub,4
Aura Shift - Steam News Hub,3
Cosmic Monsters - Steam News Hub,3
Spiralagon - Steam News Hub,1
Trap - Steam News Hub,1
FRENZY PLANTS - Steam News Hub,1
Sort Battle: Dungeon - Steam News Hub,3
Dragon Guide - Steam News Hub,1
Dragon Guide - Steam News Hub,1
Gods of Havoc: Into the Void - Steam News Hub,16
Bounce - Steam News Hub,1
Forest Mage - Steam News Hub,1
Fight For Freedom - Steam News Hub,1
Jaxon The Thief - Steam News Hub,3
Jomp The Jumper - Steam News Hub,3
Japocaliptyca/ Япокалиптика - Steam News Hub,1
Dream Jump Adventure - Steam News Hub,1
Alien Shooter in Space Cradle - Virtual Reality - Steam News Hub,4
LAB Defence - Steam News Hub,1
fishman - Steam News Hub,3
Detective Bot - Steam News Hub,5
Royal Life: Hard to be a Queen - Steam News Hub,1
Highlight - Steam News Hub,9
The Last AntLion - Steam News Hub,3
Round Rooms - Steam News Hub,5
Turbo Plane - Steam News Hub,1
Pew Pew Puzzle Defense - Steam News Hub,13
Bulletorium - Steam News Hub,3
The Beast of Gevaudan - Steam News Hub,4
GGG Collection - Steam News Hub,1
Midnight Grub Session - Steam News Hub,3
Interregnum-Alpha - Steam News Hub,8
FORT - Steam News Hub,1
Alpha Dog - Steam News Hub,1
Come Back: Chapter 1 - Steam News Hub,3
0Gravity - Steam News Hub,3
NEKOPUGI - Steam News Hub,1
Spider shooting bee - Steam News Hub,1
Run Roll Rumble - Steam News Hub,8
Lost - Steam News Hub,10
故郷をさがす三姉妹/ The Three Sisters looking for their back home. - Steam News Hub,1
Bikerz - Steam News Hub,1
Gamehunt - Steam News Hub,1
Power Block - Steam News Hub,1
The Panel DC - Steam News Hub,13
C-War 2 - Steam News Hub,57
Weaving - Steam News Hub,1
World Leader Card Game - Steam News Hub,1
Au fil de l'eau - Steam News Hub,1
Park assault - Steam News Hub,1
Ritbone - Steam News Hub,8
Paper Shakespeare: Cthulhu Coriolanus - Steam News Hub,1
Link the Animals - Steam News Hub,3
Il Sole e la Luna - Steam News Hub,3
Master Cube - Steam News Hub,7
Aliens and Umbrellas - Steam News Hub,1
The Incredible Adventures of Super Panda - Steam News Hub,8
Martians Vs Robots - Steam News Hub,1
"Sarah, you are way too heavy - Steam News Hub",1
Red Gate - Steam News Hub,21
The Battles of Spwak - Steam News Hub,3
Simple Fear - Steam News Hub,1
Legion of Scorn - Steam News Hub,1
Not So Heart - Steam News Hub,1
yellowtoy - Steam News Hub,6
TopDownFarter - Steam News Hub,1
Clean VR - Steam News Hub,1
Fakespearean: Overdramatic - Steam News Hub,1
Elpida: Crônicas de uma guerreira - Steam News Hub,9
The Tower - The Order of XII - Steam News Hub,16
Stigfinnare - Steam News Hub,20
Iceroyds! - Steam News Hub,1
容身之地铁 - Steam News Hub,1
Deep Dungeon: Gym - Steam News Hub,1
Prototype-CUBE - Steam News Hub,6
麻神消消乐 - Steam News Hub,1
Triangle Mania - Steam News Hub,1
Chopper To Hell - Steam News Hub,6
Block Run - Steam News Hub,3
"Hello, World. - Steam News Hub",4
Maze of Memories - Steam News Hub,8
Mystic RUS-files - Steam News Hub,1
Life Combinations - Steam News Hub,8
UTLL - Steam News Hub,1
Welcome to nightmare - Steam News Hub,1
krAsAvA Shot - Steam News Hub,1
Knife Only - Steam News Hub,1
"Zom-bie, or Not Zom-bie - Steam News Hub",7
OFFICE ESCAPE - Steam News Hub,1
Echo Royale - Steam News Hub,1
Survirus - Steam News Hub,1
Orbitron - Steam News Hub,3
Backpack Twins - Steam News Hub,7
Slow.Bullet VR - Steam News Hub,1
The Volcano - Steam News Hub,1
Zulin Time - Steam News Hub,5
TimeTraveler - Steam News Hub,5
Cyber Rage Retribution - Steam News Hub,1
Wild Cats of Wasteland - Steam News Hub,1
Human Pinball : Iceage - Steam News Hub,5
Monster Crush - C4 Demolition Edition - Steam News Hub,1
Dimense: Chapter 1 - Steam News Hub,1
Pokris - Steam News Hub,1
Recycler's Terminal - Steam News Hub,1
It comes from hell (Survive) - Steam News Hub,3
Carreras de Velocidad - Steam News Hub,1
Wolf or Boy - Steam News Hub,1
Mistero a Villa MilaFlora - Steam News Hub,3
Shift Shaft - Steam News Hub,4
Don't Look Back - VR - Steam News Hub,1
Hei - Steam News Hub,1
Woodcutter Survival - Steam News Hub,1
Chaos Village - Steam News Hub,7
Easter! - Steam News Hub,1
Gun Man - Steam News Hub,42
Defection - Steam News Hub,1
Fold - Steam News Hub,1
Joe Jump Impossible Quest - Steam News Hub,1
Kabitis 2: Fire Sword - Steam News Hub,3
Dangerous Orbit - Steam News Hub,1
W4RR-i/o-RS: Descent - Steam News Hub,3
Top Torch - Steam News Hub,3
Frigus İnferos - Steam News Hub,1
在线教育开发实习生 Elearning Development Intern - Steam News Hub,7
Depth Of Consciousness - Steam News Hub,7
Dragon Iris - Steam News Hub,9
Outliver: Redemption - Steam News Hub,3
Yametei - Steam News Hub,1
Blood Island - Steam News Hub,7
Esc-8-bit - Steam News Hub,1
JetBall Arena - Steam News Hub,12
Maze Quest 2: The Desert - Steam News Hub,1
Where Is The Beach? - Steam News Hub,8
Brawl - Steam News Hub,1
Raven: The Last Neko Slayer - Steam News Hub,11
Mutagen Extinction - Steam News Hub,11
ELISEISK 2074 - Steam News Hub,1
Anti-Grav Bamboo-copter - Steam News Hub,1
Stickman Racer Road Draw 2 - Steam News Hub,3
time of the zombies - Steam News Hub,21
Cold Silence - Steam News Hub,5
学院英雄梦 HeroDreamOfSchool - Steam News Hub,4
