title,update_count2
,0
Nieuwshub voor Dragon Boar and Lady Rabbit,1
Nieuwshub voor Bounty Battle,35
Nieuwshub voor SiegeVR,3
Nieuwshub voor The Quivering,3
Nieuwshub voor Actor Tycoon 2,4
Nieuwshub voor Jurassic mahjong,1
Nieuwshub voor Last Stanza,11
Nieuwshub voor A Squire's Tale,1
Nieuwshub voor Murder Mystery Adventure,3
Nieuwshub voor Les Manley in: Lost in L.A.,1
Nieuwshub voor Gold Rush! 2,6
Nieuwshub voor Herder,3
Nieuwshub voor Devils Gold,5
Nieuwshub voor The Chronicles of King Arthur - Episode 1: Excalibur,9
Nieuwshub voor Luxury Hotel Emporium,1
Nieuwshub voor Tile Connect - Onet Match,1
Nieuwshub voor Disc Golf Adventure 2 VR,3
Nieuwshub voor REVENGER,1
Nieuwshub voor Speed and Scream,5
Nieuwshub voor CheeseCube,17
Nieuwshub voor Survivor,25
Nieuwshub voor Adventurers Guild,3
Nieuwshub voor Funny Truck,1
Nieuwshub voor Knights of Light: The Prologue,7
Nieuwshub voor Another Eye,3
Nieuwshub voor Ski-World Simulator,1
Nieuwshub voor Critical Gravity,20
Nieuwshub voor 1001 Jigsaw World Tour: Europe,1
Nieuwshub voor VR shooting cute balloons,1
Nieuwshub voor Pipo Park,1
Nieuwshub voor Flykt,1
Nieuwshub voor Drift Legends,1
Nieuwshub voor Aviator - Bush Pilot,3
Nieuwshub voor Order Road,10
Nieuwshub voor Extreme Roads USA,1
Nieuwshub voor MotorSport Revolution,1
Nieuwshub voor Fill and Cross Pirate Riddles,1
Nieuwshub voor Fishticuffs,6
Nieuwshub voor Tales of the Lumminai,24
Nieuwshub voor Tasty Jigsaw: Happy Hour (拼图),1
Nieuwshub voor Fiber Twig 2,1
Nieuwshub voor Robot Fighting,21
Nieuwshub voor EnchantedGirl - 纯情房东俏房客,1
Nieuwshub voor Hot Summer,1
Nieuwshub voor Viking Chronicles: Tale of the lost Queen,7
Nieuwshub voor The Far Kingdoms: Magic Mosaics,1
Nieuwshub voor Help Me Doctor,5
Nieuwshub voor The Great Jitters: Pudding Panic,1
Nieuwshub voor Midnight Outlaw: 6 Hours to SunUp,1
Nieuwshub voor Rules of The Mafia: Trade & Blood,26
Nieuwshub voor Mini Island: Summer,1
Nieuwshub voor Trains of the Orient,10
Nieuwshub voor Queens Garden: Sakura Season,7
Nieuwshub voor Griddlers TED and PET,1
Nieuwshub voor Trivia Clash: Adult Film Star Edition,1
Nieuwshub voor Alchemy Absorption: Melody,1
Nieuwshub voor vissekom,1
Nieuwshub voor my brother lives in a canyon,1
Nieuwshub voor King of Spies,1
Nieuwshub voor Granny's Grantastic Granventure,6
Nieuwshub voor Streamer Simulator,1
Nieuwshub voor Alice's Jigsaw. Wonderland Chronicles,1
Nieuwshub voor Neon Wings: Air Race,15
Nieuwshub voor LOGistICAL: Brazil,1
Nieuwshub voor Allura: The Three Realms,5
Nieuwshub voor 1001 Jigsaw Detective,1
Nieuwshub voor Weather Lord,1
Nieuwshub voor Mini Island: Autumn,1
Nieuwshub voor Mahjong Magic Journey 3,1
Nieuwshub voor LootLite,3
Nieuwshub voor Steamalot: Epoch's Journey,14
Nieuwshub voor Tomato Jones - Episode 3,1
Nieuwshub voor Psychocat: The Door,5
Nieuwshub voor Dreams of an Exile,8
Nieuwshub voor Chess Mega Bundle,1
Nieuwshub voor jut,1
Nieuwshub voor You Are God,11
Nieuwshub voor The Jungle,5
Nieuwshub voor Hobo Living VR,8
Nieuwshub voor Jurassic Safari Hunt,16
Nieuwshub voor The Shape On The Ground (Steam Edition),1
Nieuwshub voor Mini Kart Racing,1
Nieuwshub voor Death: The Ascension,14
Nieuwshub voor LOGistICAL: USA - New York,1
Nieuwshub voor Grand Prix Racing On Line,1
Nieuwshub voor Cassidy,11
Nieuwshub voor Legends of Persia,10
Nieuwshub voor Spoko and Poko,3
Nieuwshub voor LOGistICAL: Italy,1
Nieuwshub voor DeerHunterX,1
Nieuwshub voor VR Atlantis Search: with Deep Diving,1
Nieuwshub voor Chicken Defender,5
Nieuwshub voor CHILDHOOD GONE: SHADOWED WAND,3
Nieuwshub voor Rain Island: Orange,1
Nieuwshub voor Home Designer - Home Sweet Home,1
Nieuwshub voor capy hoky,1
Nieuwshub voor Ghost of the Seas,1
Nieuwshub voor 1001 Jigsaw. World Tour: Great America,1
Nieuwshub voor Time Ramesside (A New Reckoning),140
Nieuwshub voor Space Launch Engineer,24
Nieuwshub voor Hostage: Rescue Mission,1
Nieuwshub voor Kart kids,1
Nieuwshub voor Arena: Blood on the Sand VR,5
Nieuwshub voor Detective Riddles - Sherlock's Heritage,1
Nieuwshub voor Discovery Yard Investigation,13
Nieuwshub voor LOGistICAL: Japan,1
Nieuwshub voor Color Crush,1
Nieuwshub voor Russian Front,3
Nieuwshub voor After The War,1
Nieuwshub voor Allura: Curse of the Mermaid,3
Nieuwshub voor Fill and Cross Trick or Treat,1
Nieuwshub voor Woodland Saga,1
Nieuwshub voor At Home,1
Nieuwshub voor Hyper Train Corporation,17
Nieuwshub voor Drawn Story,5
Nieuwshub voor A.I. Invasion,15
Nieuwshub voor Mystery Solitaire Powerful Alchemist,1
Nieuwshub voor Bubble Shooter FX,1
Nieuwshub voor Voodoo Chronicles: The First Sign HD - Director’s Cut Edition,1
Nieuwshub voor Dr. Umgebung's School of Life,3
Nieuwshub voor Ninja Frog,3
Nieuwshub voor Uprising44: The Silent Shadows,1
Nieuwshub voor LOGistICAL 2: France,5
Nieuwshub voor The Hour of the Rat,1
Nieuwshub voor Let's Go! Skiing VR,3
Nieuwshub voor The Orphan A Tale of An Errant Ghost - Hidden Object Game,8
Nieuwshub voor Recovery Search & Rescue Simulation,5
Nieuwshub voor To Save Humanity From Virus,1
Nieuwshub voor HUNGER,13
Nieuwshub voor VR Drivers,3
"Nieuwshub voor VR Marco Polo's Travelling in Medieval Asia (The Far East, Chinese, Japanese, Shogun, Khitan...revisit A.D. 1290)",1
Nieuwshub voor PowBall Renaissance,11
Nieuwshub voor Grey Scout,1
Nieuwshub voor Wall Street Tycoon,30
Nieuwshub voor Daemonsgate,1
Nieuwshub voor New Colony,1
Nieuwshub voor Heroes in the Sky-Origin,1
Nieuwshub voor Atom,3
Nieuwshub voor Steam revolution VR,9
Nieuwshub voor Quick Race,3
Nieuwshub voor VR Prison Escape,1
Nieuwshub voor Sokpop S09: Flipper Vulkaan,1
Nieuwshub voor Adelantado 4 Aztec Skulls,1
Nieuwshub voor Mixx Island,1
Nieuwshub voor Landlord Simulator,35
Nieuwshub voor Crossroads Extreme,5
Nieuwshub voor Circle of Sumo,1
Nieuwshub voor 3D Paraglider,1
Nieuwshub voor All Guns On Deck,3
Nieuwshub voor Crazy Machines: Golden Gears,10
Nieuwshub voor Detective Riddles - Sherlock's Heritage 2,1
Nieuwshub voor skidlocked,1
Nieuwshub voor DrumSim,1
Nieuwshub voor Halloween Patchwork Trick or Treat,1
Nieuwshub voor Bloks,1
Nieuwshub voor Easter Riddles,1
Nieuwshub voor Train Tycoon,1
Nieuwshub voor Ocean's Treasures,3
Nieuwshub voor Knighty Night,1
Nieuwshub voor Balanced Politics Simulator,1
Nieuwshub voor Hacker.exe,15
Nieuwshub voor Squishies,1
Nieuwshub voor Bug Killers,1
Nieuwshub voor Gladia,1
Nieuwshub voor Cookie Store,1
Nieuwshub voor Moeras,1
Nieuwshub voor Fill and Cross Magic Journey,1
Nieuwshub voor Word Wise,1
Nieuwshub voor Fill and Cross World Contest,1
Nieuwshub voor Raycatcher,1
Nieuwshub voor Dream Pets VR,1
Nieuwshub voor God Simulator,3
Nieuwshub voor soko loco,1
Nieuwshub voor Cranium Conundrum,11
Nieuwshub voor Doler,1
Nieuwshub voor Nova Nukers!,8
Nieuwshub voor Prophecy I - The Viking Child,1
Nieuwshub voor Viking Warrior,3
Nieuwshub voor Restricted Area,1
Nieuwshub voor Piano Simulator,1
Nieuwshub voor Armored Freedom,12
Nieuwshub voor LOGistICAL 2: USA - Nevada,6
Nieuwshub voor Griddlers Beach Season,1
Nieuwshub voor Poker Tower Defense,1
Nieuwshub voor Mecha Destruction,1
Nieuwshub voor European Fishing,3
Nieuwshub voor Bleeding Knife,5
Nieuwshub voor The Martian VR Experience,1
Nieuwshub voor Need More Troops,8
Nieuwshub voor Rat Prison,1
Nieuwshub voor visser,1
Nieuwshub voor The Darkness,11
Nieuwshub voor Crappy Tube,1
Nieuwshub voor Tomscape,1
Nieuwshub voor Insert Paper,9
Nieuwshub voor The Trials of Olympus III: King of the World,3
Nieuwshub voor 黑帝斗者,26
Nieuwshub voor Zoo Packs,1
Nieuwshub voor Alice's Jigsaw Time Travel 2,1
Nieuwshub voor labyrinth,1
Nieuwshub voor Griddlers TED and PET 2,1
Nieuwshub voor Monkey King Saga,1
Nieuwshub voor Urban Legends : The Dry Body,1
Nieuwshub voor Puzzle game for kids,1
Nieuwshub voor C.S.S. CITADEL VR,4
Nieuwshub voor clutchball,1
Nieuwshub voor First Contact,6
Nieuwshub voor Car Transporter 2013,1
Nieuwshub voor Juiced!,29
Nieuwshub voor 1001 Jigsaw. Myths of ancient Greece (拼图),1
Nieuwshub voor Doom Rails,1
Nieuwshub voor 1001 Jigsaw Legends of Mystery 2,1
Nieuwshub voor The Trials of Olympus II: Wrath of the Gods,9
Nieuwshub voor Hoppa,1
Nieuwshub voor Dead Castle / 不思议魔城,1
Nieuwshub voor RapStar Tycoon,8
Nieuwshub voor PRISONER 17,7
Nieuwshub voor Bombini,1
Nieuwshub voor Drowning,1
Nieuwshub voor Acropolis: The Archaic Age,6
Nieuwshub voor Void's Blight,3
Nieuwshub voor Death Space,1
"Nieuwshub voor ""Medieval Real Estate""",1
Nieuwshub voor Ongaku,6
Nieuwshub voor Pilfer,1
Nieuwshub voor The Region,1
Nieuwshub voor SkydiVeR,5
Nieuwshub voor AXE:SURVIVAL,10
Nieuwshub voor Age of Farming,3
Nieuwshub voor The Craft of the Samurai,1
Nieuwshub voor The Gameshow,1
Nieuwshub voor RICHCODE富豪密码,16
Nieuwshub voor Hoco Poco,1
Nieuwshub voor Domino Dungeon,1
Nieuwshub voor Slayer Of Traitors,11
Nieuwshub voor LemWars,1
Nieuwshub voor Mountain Racing,1
Nieuwshub voor Post Cards,1
Nieuwshub voor Babol the Walking Box,1
Nieuwshub voor Not My Day!,7
Nieuwshub voor Wheelie King Online,1
Nieuwshub voor rook,1
Nieuwshub voor Archeologist Simulator,1
Nieuwshub voor Dungeon Arena,1
Nieuwshub voor Cardlings,7
Nieuwshub voor Colony On Mars,1
Nieuwshub voor Pest Control,22
Nieuwshub voor Evolution II: Fighting for Survival,3
Nieuwshub voor Frog struggles,1
Nieuwshub voor Line Of Defense Tactics - Tactical Advantage,18
Nieuwshub voor Gare Sapphire Mechs,1
Nieuwshub voor Basketball Pro Management 2015,15
Nieuwshub voor Orc Assault,1
Nieuwshub voor The Spirit Underneath,13
Nieuwshub voor The Secret Of Hildegards,12
Nieuwshub voor Survive: The king killer,6
Nieuwshub voor skelets,1
Nieuwshub voor MÅRD,6
Nieuwshub voor Police Air Transporter,3
Nieuwshub voor TAKEN,3
Nieuwshub voor Paradigm Shift,1
Nieuwshub voor CAR THIEF SIMULATOR 2017,1
Nieuwshub voor Jack Hayes: The Lazarus Sign,9
Nieuwshub voor Beam Car Crash Derby,1
Nieuwshub voor driftwood,1
Nieuwshub voor Oh Crab!,1
Nieuwshub voor Lucky Night: Poker Games,3
Nieuwshub voor Tetripank,5
Nieuwshub voor One Sole Purpose,13
Nieuwshub voor Peppered,1
Nieuwshub voor Soldiers Of Freedom,1
Nieuwshub voor Neon Arena,1
Nieuwshub voor VR Chair Games,3
Nieuwshub voor Iron Soul,5
Nieuwshub voor n-body,1
Nieuwshub voor Wamu Wamu 2,1
Nieuwshub voor flChess 2,5
Nieuwshub voor Landflix Odyssey,9
Nieuwshub voor Restaurant Tycoon,5
Nieuwshub voor LOGistICAL: Caribbean,1
Nieuwshub voor 10 Years After,68
Nieuwshub voor passenger seat,1
Nieuwshub voor Wonky Pigeon!,24
Nieuwshub voor Sweet Holiday Jigsaws: Halloween Night,3
Nieuwshub voor Virtual Reality Girls 2,1
Nieuwshub voor REVOLT 1917,3
Nieuwshub voor Botanik,1
Nieuwshub voor REVENGER: Age of Morons,1
Nieuwshub voor Katja's Abyss: Tactics,9
Nieuwshub voor Eastwood VR,1
Nieuwshub voor Prelude: Psychological Horror Game,18
Nieuwshub voor Lost Route,3
Nieuwshub voor Watashi no Kokoro! 君の事が好きです。,1
Nieuwshub voor LVN Fake News,11
Nieuwshub voor Bunker 58,7
Nieuwshub voor Relaxation balls,7
Nieuwshub voor Tizahl's Quest,1
Nieuwshub voor Space Viking Raiders,7
Nieuwshub voor huts,1
Nieuwshub voor Cleaner,9
Nieuwshub voor Chess,1
Nieuwshub voor Escape The Tank,10
Nieuwshub voor 24 Hours 'til Rescue,18
Nieuwshub voor _OUR_:_Defense 2021,3
Nieuwshub voor Tropical Escape,12
Nieuwshub voor VR Fighter Jets War,1
Nieuwshub voor Bandapes,1
Nieuwshub voor Frozen Soul,11
Nieuwshub voor Thistledown: A Tragedy of Blood,3
Nieuwshub voor Dungeoneer,1
Nieuwshub voor AIR Battlefront,1
Nieuwshub voor 1001 Jigsaw: Earth Chronicles 4,1
Nieuwshub voor Dogs of War: Kill to Survive,4
Nieuwshub voor Master Of Secrets: Dark Europe,5
Nieuwshub voor Candy Raid: The Factory,7
Nieuwshub voor Farming Tractor Simulator 2021: Farmer Life,3
Nieuwshub voor Griddlers Victorian Picnic,1
Nieuwshub voor Xmas Zombie Rampage,7
Nieuwshub voor Widower's Sky,4
Nieuwshub voor Infinity Coloring Pixel,58
Nieuwshub voor Drusilla Dreams,9
Nieuwshub voor The Adventures of Fluffy,1
Nieuwshub voor Undead Souls,1
Nieuwshub voor Logistic Expert,3
Nieuwshub voor Art Of Air War,1
Nieuwshub voor Impossible Simplified Cube,5
Nieuwshub voor Sweetest Thing,5
Nieuwshub voor Archangel,1
Nieuwshub voor Raise Your Own Clone,32
Nieuwshub voor Home Creator,1
Nieuwshub voor Dark Blood,1
Nieuwshub voor Valknut,6
Nieuwshub voor One Final Breath™,10
Nieuwshub voor Project Druid - 2D Labyrinth Explorer-,13
Nieuwshub voor kamer,1
Nieuwshub voor Monster Challenge Circus,1
Nieuwshub voor Machine Made: Rebirth,57
Nieuwshub voor WINDSHIFT,14
Nieuwshub voor The Sorceress,5
Nieuwshub voor Mandacaru,1
Nieuwshub voor Break the Cube,3
Nieuwshub voor Halloween Riddles Mysterious Griddlers,1
Nieuwshub voor Christmas Mahjong,1
Nieuwshub voor Season Match 4,7
Nieuwshub voor Deadly Animal Duel,1
Nieuwshub voor Fill and Cross Trick or Treat 2,1
Nieuwshub voor BzzzController,1
Nieuwshub voor LOGistICAL: Switzerland,1
Nieuwshub voor Shadow of the Black Dragon,3
Nieuwshub voor Balloon Chair Death Match,33
Nieuwshub voor Descent Vector: Space Runner,5
Nieuwshub voor Sin-Cay,1
Nieuwshub voor Mystery Solitaire Grimm's Tales 3,1
Nieuwshub voor Strings of Divinity | The Spell Plague,18
Nieuwshub voor The Trials of Olympus,7
Nieuwshub voor Roller Coaster Apocalypse VR,1
Nieuwshub voor 1-Bit Revival: The Residuals of Null,1
Nieuwshub voor Scary defense,3
Nieuwshub voor Memories of East Coast,1
Nieuwshub voor Kiiroi Hana,1
Nieuwshub voor Asteroid Blasters,1
Nieuwshub voor Train Train Train,3
Nieuwshub voor Dark Heart Mansion,4
Nieuwshub voor Survival Hell,1
Nieuwshub voor Silicon Valley Investor,4
Nieuwshub voor King of the Sandcastle,1
Nieuwshub voor Houdini's Castle,6
Nieuwshub voor The Perplexing Orb,1
Nieuwshub voor 1001 Jigsaw: Earth Chronicles 3,1
Nieuwshub voor Tales of Nebezem RPG: Red Peril,1
Nieuwshub voor LOGistICAL: USA - Wisconsin,3
Nieuwshub voor Dawn of a Soul,5
Nieuwshub voor The Elysian Field,1
Nieuwshub voor Sperm Runner,1
Nieuwshub voor Nick Logic for Kids,1
Nieuwshub voor The Mars Agenda,5
Nieuwshub voor FREEDOM: Hunt Kill Fly,1
Nieuwshub voor Fairytale Solitaire: Red Riding Hood,1
Nieuwshub voor 1001 Jigsaw. Ice Age,1
Nieuwshub voor Alice's Jigsaw. Wonderland Chronicles 2,1
Nieuwshub voor Innocent Forest 2: The Bed in the Sky,1
Nieuwshub voor VR Graffiti World,1
Nieuwshub voor Jigsaw Puzzles,1
Nieuwshub voor Stellaren II,1
Nieuwshub voor Bouncy Cat,1
Nieuwshub voor VITAL,16
Nieuwshub voor Chronicle of Daneya,18
Nieuwshub voor Drive & Drift,1
Nieuwshub voor The Adventures of Jason and the Argonauts,9
Nieuwshub voor The Chronicles of Moses and the Exodus,1
Nieuwshub voor STAX,5
Nieuwshub voor Synth Run,1
Nieuwshub voor Sakura Day Mahjong,1
Nieuwshub voor Animal Up!,3
Nieuwshub voor All That Remains: Part 1,1
Nieuwshub voor Unsolved Mystery Club: Ancient Astronauts (Collector´s Edition),3
Nieuwshub voor The Unclogging: An Unsanitary Saga,1
Nieuwshub voor ZHED - Puzzle Game,1
Nieuwshub voor 1001 Jigsaw: Earth Chronicles 2,1
Nieuwshub voor Marbleous Blocks,5
Nieuwshub voor 10th Corpse,1
Nieuwshub voor Schoolmates: The Mystery of the Magical Bracelet,1
Nieuwshub voor Slickpoo The Clown,1
Nieuwshub voor Dominium Mundi,1
Nieuwshub voor Planetary Settlers,131
Nieuwshub voor 充气娃娃,1
Nieuwshub voor San Matias - Mafia City,4
Nieuwshub voor Chop Chop Princess!,1
Nieuwshub voor Martial Arts Brutality Premium,1
Nieuwshub voor Jumping Over It With Neko Girl,1
Nieuwshub voor GalaxySpace VR,1
Nieuwshub voor Sakura Day 2 Mahjong,1
Nieuwshub voor Ardarium,7
Nieuwshub voor LOGistICAL: USA - Florida,1
Nieuwshub voor Life's Playground,3
Nieuwshub voor Unlocked,8
Nieuwshub voor Power Ball 2021,1
Nieuwshub voor Alien Infection,1
Nieuwshub voor Happy Day,1
Nieuwshub voor Cymatically Muffed,35
Nieuwshub voor Keatz: The Lonely Bird,11
Nieuwshub voor Space Tower Defense,1
Nieuwshub voor Abiko The Miko 2,1
Nieuwshub voor Invasion 2: Doomed,7
Nieuwshub voor A Very Bad Christmas Eve,3
Nieuwshub voor 1001 Jigsaw. World Tour: France,1
Nieuwshub voor Hidden World of Art 2,5
Nieuwshub voor Undead Legions II,11
Nieuwshub voor Endless Furry Killer Infinity,3
Nieuwshub voor The Zone,3
Nieuwshub voor Montero,15
Nieuwshub voor SaveHer,1
Nieuwshub voor VR Galactic Roller Coaster,1
Nieuwshub voor The Adventures of Capitano Navarro,3
Nieuwshub voor RoadPunk,1
Nieuwshub voor Pooper Scooper,3
Nieuwshub voor Super Streaker Plus,1
Nieuwshub voor Thomaz,9
Nieuwshub voor Jigsaw Boom,1
Nieuwshub voor Overhead,1
Nieuwshub voor Christmas Mahjong 2,1
Nieuwshub voor Maidens of the Ocean Solitaire,9
Nieuwshub voor Brick Breaker Heart Collector,6
Nieuwshub voor Castle Wonders - A Castle Tale,5
Nieuwshub voor Go Far Away,1
Nieuwshub voor Mighty Gemstones,8
Nieuwshub voor Psycho Wolf,1
Nieuwshub voor 境外狂奔 / Dark Running,1
Nieuwshub voor Abyss of Death,1
Nieuwshub voor 女神侦探,3
Nieuwshub voor Tales of Lagoona,1
Nieuwshub voor YouRiding - Surfing and Bodyboarding Game,7
Nieuwshub voor Choco Pixel X,1
Nieuwshub voor Master of Miracles,11
Nieuwshub voor Girls & sweets,1
Nieuwshub voor CUBeKA,6
Nieuwshub voor Ninja Stealth 4,1
Nieuwshub voor The Alpha 001,3
Nieuwshub voor The Pale City,5
Nieuwshub voor Inner Tao,1
Nieuwshub voor Choice of the Rock Star,1
Nieuwshub voor Enter The Moon,17
Nieuwshub voor Gem Deeps,6
Nieuwshub voor DIG THE GROUND,9
Nieuwshub voor Animal Drop Safari,3
Nieuwshub voor Happy Geography Fun,1
Nieuwshub voor The Chronicles of Hercules: The 12 Labours,3
Nieuwshub voor Knuckers Test Fight,1
Nieuwshub voor The Godbeast,1
Nieuwshub voor AE86 EUROBEAT DRIFT,1
Nieuwshub voor Unsolved Mystery Club: Amelia Earhart,3
Nieuwshub voor An Egg Can Dream,1
Nieuwshub voor Alien Planet Explorer,1
Nieuwshub voor Mahjong Valentine's Day,1
Nieuwshub voor Chocolate makes you happy: Easter,1
Nieuwshub voor VR Eagles of Victorian England,1
Nieuwshub voor Unheard Screams - King Leopold II's Rule Over The Congo,1
Nieuwshub voor The mysterious Case of Dr. Jekyll and Mr. Hyde,3
Nieuwshub voor Scramble,1
Nieuwshub voor Mister Burnhouse,1
Nieuwshub voor Bean Stalker,10
Nieuwshub voor Cat's Life Jigsaw Puzzles,1
Nieuwshub voor The Legend of Eratus: Dragonlord,3
Nieuwshub voor Athletics Games VR,1
Nieuwshub voor TravelRacer,1
Nieuwshub voor Costumenaut,8
Nieuwshub voor Arc Wizards,1
Nieuwshub voor Halloween Trouble 2,3
Nieuwshub voor The Scuttle,8
Nieuwshub voor Kick the VIRUS,1
Nieuwshub voor Dungless 2,1
Nieuwshub voor Weather Lord: Hidden Realm,1
Nieuwshub voor Choco Pixel 6,1
Nieuwshub voor Search for the Titanic,1
Nieuwshub voor The Search For Fran,1
Nieuwshub voor Murder by Moonlight - Call of the Wolf,5
Nieuwshub voor VR Audio Visualizer,1
Nieuwshub voor Ertugrul Gazi,1
Nieuwshub voor VIRTUAL SOLDIERS,1
Nieuwshub voor Basketing,1
Nieuwshub voor Challenge of the Five Realms: Spellbound in the World of Nhagardia,1
Nieuwshub voor Mineirinho Shooter DC,1
Nieuwshub voor The Enthralling Realms: The Blacksmith's Revenge,3
Nieuwshub voor VR Pirates of the Caribbean Life Experience,1
Nieuwshub voor Cube Runner 2,1
Nieuwshub voor Arc Wizards 3,1
Nieuwshub voor 1001 Jigsaw: Earth Chronicles 5,1
Nieuwshub voor Don't Crash - The Zombie Game,11
Nieuwshub voor Dark Asylum: Mystery Adventure,1
Nieuwshub voor Chariot Land,1
Nieuwshub voor Classic Card Game Canasta,1
Nieuwshub voor Royal Tumble,3
Nieuwshub voor DooM in the Dark 2,1
Nieuwshub voor Arkan Tower,1
Nieuwshub voor Super Minesweeper attACK,1
Nieuwshub voor Kick Them Out!!!,3
Nieuwshub voor Battle Of Keys,14
Nieuwshub voor Super Jigsaw Puzzle: Anime Reloaded,5
Nieuwshub voor Magic Balls,1
Nieuwshub voor Dark Shiny,3
Nieuwshub voor Calculate It!,1
Nieuwshub voor Anime puzzle,1
Nieuwshub voor Murder On The Island,3
Nieuwshub voor Photo Puzzles HD,1
Nieuwshub voor Isometric Nonogram,3
Nieuwshub voor Milo's Quest,1
Nieuwshub voor Wild West Rogue,1
Nieuwshub voor ZHIVE,6
Nieuwshub voor The Hell Hives,6
Nieuwshub voor Strike Solitaire,1
Nieuwshub voor The Sandbox of God: Remastered Edition,1
Nieuwshub voor Cossack and Magic,1
Nieuwshub voor Crafting Tycoon,6
Nieuwshub voor Fruit Row,1
Nieuwshub voor Pixels can fight,21
Nieuwshub voor Space Crisis,1
Nieuwshub voor Our Worst Fears,1
Nieuwshub voor Safe Climbing,1
Nieuwshub voor Mystery Masterpiece: The Moonstone,3
Nieuwshub voor Cannon Arena,6
Nieuwshub voor Ascent Free-Roaming VR Experience,1
Nieuwshub voor Cecconoid,10
Nieuwshub voor Nazi Labs,1
Nieuwshub voor The Way Home,1
Nieuwshub voor Roads of time,1
Nieuwshub voor Space 'n Lasers,3
Nieuwshub voor バインドを解除する(unbind),1
Nieuwshub voor BBlocks,1
Nieuwshub voor Dark Fairy Fantasy,1
Nieuwshub voor Queen's Garden 2,5
Nieuwshub voor Endless Furry Pinball 2D,1
"Nieuwshub voor VR Time Machine Travelling in ancient civilizations: Mayan Kingdom, Inca Empire, Indians, and Aztecs before conquest A.D.1000",1
Nieuwshub voor Jewel Venture,3
Nieuwshub voor Chupacabra,3
Nieuwshub voor Chocolate makes you happy: Lunar New Year,1
Nieuwshub voor Low Poly Forces,24
Nieuwshub voor The Chronicles of Confucius's Journey,5
Nieuwshub voor Save the Planet,9
Nieuwshub voor LineArt Jigsaw Puzzle - Airplanes,1
Nieuwshub voor Girl,1
Nieuwshub voor Mystic Ruin: A New Dawn,5
Nieuwshub voor LOGistICAL: USA - Oregon,1
Nieuwshub voor Cute Animals Memory Card Game,1
Nieuwshub voor Conundrum,1
Nieuwshub voor Rolling Arcade,1
Nieuwshub voor Where are My Pipes?,1
Nieuwshub voor Rainbow Pixel - Color by Number,1
Nieuwshub voor Data Dream,1
Nieuwshub voor LOGistICAL: South Africa,1
Nieuwshub voor Roads of Time 2: Odyssey,1
Nieuwshub voor Red Zirion,1
Nieuwshub voor MiniRacer,1
Nieuwshub voor Bad Run - Turbo Edition,7
Nieuwshub voor Cat Jump,1
Nieuwshub voor Try again!,3
Nieuwshub voor Road Bustle,1
Nieuwshub voor Human Cube,1
Nieuwshub voor Ohr: אור,11
Nieuwshub voor A wave of enemies,1
Nieuwshub voor Nights at the Clown Maze,1
Nieuwshub voor R.O.O.T.S,3
Nieuwshub voor Survive Isolation,1
Nieuwshub voor Super Maze Labyrinth,1
Nieuwshub voor Barbarian Brawl,7
Nieuwshub voor Isomer,4
Nieuwshub voor All Aspect Warfare,12
Nieuwshub voor Fray: Reloaded Edition,1
Nieuwshub voor Dark Years,3
Nieuwshub voor Secret Of The Royal Throne,15
Nieuwshub voor Exile to Death,32
"Nieuwshub voor Once Bitten, Twice Dead!",10
Nieuwshub voor Basketball Pro Management 2014,9
Nieuwshub voor Haunted House: Cryptic Graves,12
Nieuwshub voor Cypress Inheritance: The Beginning,27
Nieuwshub voor Spaceforce Constellations,1
Nieuwshub voor 3d Bridges,21
Nieuwshub voor Project VR Wild Hunt,1
Nieuwshub voor Vroomist,7
Nieuwshub voor Riot Street,12
Nieuwshub voor Block Shock,4
Nieuwshub voor Sail and Sacrifice,21
Nieuwshub voor Dark Years,3
Nieuwshub voor Moonbase 332,20
Nieuwshub voor BlackShadows,9
Nieuwshub voor Secret Of The Royal Throne,15
Nieuwshub voor Haunted House: Cryptic Graves,12
Nieuwshub voor Dungeon of gain,10
Nieuwshub voor GHOUL,8
Nieuwshub voor World Of Walking Cities,15
Nieuwshub voor City Of Jade: Imperial Frontier,18
Nieuwshub voor 天风之光 ~ Touhou Fan of Destiny,6
Nieuwshub voor Digital Siege,12
Nieuwshub voor Primordium - Day Zero,45
Nieuwshub voor Once Upon A Death,5
Nieuwshub voor Covid-19 - Corona Clicker,1
Nieuwshub voor Pulse Forge VR v0.544,1
Nieuwshub voor Prison Tycoon 4: SuperMax,1
Nieuwshub voor The Legend of Candlewind: Nights & Candles,1
Nieuwshub voor Freelancer Life Simulator: Prologue,4
Nieuwshub voor Woute,1
Nieuwshub voor Castle Secrets: Between Day and Night,1
Nieuwshub voor Jigsaw Tour,1
Nieuwshub voor Spooky Mahjong,1
Nieuwshub voor Hidden Mysteries: Civil War,1
Nieuwshub voor Diaper Quest 2055,1
Nieuwshub voor Solstice,13
Nieuwshub voor Home Designer - Living Room,5
Nieuwshub voor Aim: Warmup,3
Nieuwshub voor Toilet Paper War,1
Nieuwshub voor Branches,1
Nieuwshub voor Get Gem,3
Nieuwshub voor Becoming,1
Nieuwshub voor Fiber Twig: Midnight Puzzle,1
Nieuwshub voor Highway Game,1
Nieuwshub voor Flowers Garden Solitaire,9
Nieuwshub voor Mahjong Match,1
Nieuwshub voor Nordic Storm Solitaire,7
Nieuwshub voor Skyscraper Simulator,3
Nieuwshub voor 31st prototype,5
Nieuwshub voor Ero Snooker,1
Nieuwshub voor Escape The Manor,3
Nieuwshub voor Cyber Hunter: Awakening,1
Nieuwshub voor Circle Up,1
Nieuwshub voor Time to Fight,1
Nieuwshub voor Crystal Path,1
Nieuwshub voor Titan Nebula,1
Nieuwshub voor Secret Trouble,1
Nieuwshub voor Astral Traveler,3
Nieuwshub voor Loch Mess,1
Nieuwshub voor Swift Elf,1
Nieuwshub voor Mysterious Blocks,3
Nieuwshub voor Jewel Tree,1
Nieuwshub voor Holiday Jigsaw Halloween,1
Nieuwshub voor Flower Design Two,1
Nieuwshub voor clown town 1443,1
Nieuwshub voor SPACE Craft,1
Nieuwshub voor Maze Walker,1
Nieuwshub voor Bright Bob,1
Nieuwshub voor Domino killer,1
Nieuwshub voor Solenars Edge II: Champions,7
Nieuwshub voor ZomB,1
Nieuwshub voor Pure Bowl VR Bowling,7
Nieuwshub voor Mythos Ever After: A Cthulhu Dating Sim RX,5
Nieuwshub voor Reskue,15
Nieuwshub voor Find the Letter H,1
Nieuwshub voor Halloween Night Mahjong,1
Nieuwshub voor Clockwork Dungeon,1
Nieuwshub voor Halloween Night Mahjong 2,1
Nieuwshub voor Forgotten Faces,1
Nieuwshub voor Toxic Terror,9
Nieuwshub voor Nauseous Pines,1
Nieuwshub voor Koi Solitaire,1
Nieuwshub voor Box Pusher,1
Nieuwshub voor Count Dookie Fart,1
Nieuwshub voor Make A Jigsaw Puzzle,7
Nieuwshub voor Unicorn and Sweets,1
Nieuwshub voor Tactical Mind,1
Nieuwshub voor Agricultural Simulator: Historical Farming,1
Nieuwshub voor VR Wonderland: mini civilizations in a forest,1
Nieuwshub voor Bishi and the Alien Slime Invasion!,1
Nieuwshub voor Painted Legend 2,6
Nieuwshub voor Puzzle Monarch: Nile River,1
Nieuwshub voor Misha Adventures,1
Nieuwshub voor SkyGameChanger-AirCombat II-,14
Nieuwshub voor F-117A Stealth Fighter (NES edition),1
Nieuwshub voor Raybound,4
Nieuwshub voor Guns Craft,1
Nieuwshub voor Drive Forward,11
Nieuwshub voor Made to Order: The Party Game,3
Nieuwshub voor Star Tower,1
Nieuwshub voor Mahjong World Contest 2,1
Nieuwshub voor All Stars Racing Cup,6
Nieuwshub voor Mahjong Gold 2. Pirates Island,1
Nieuwshub voor Robot terminator,1
Nieuwshub voor Red Adventure,1
Nieuwshub voor Charm Tale Quest,1
Nieuwshub voor Dr. Byte,9
Nieuwshub voor Salt and Sails,1
Nieuwshub voor Toon Shooters 2: The Freelancers,1
Nieuwshub voor CrunchTime,1
Nieuwshub voor The Guardians of Peace,3
Nieuwshub voor Mythic Pearls: The Legend of Tirnanog,7
Nieuwshub voor Mines & Dragons,1
Nieuwshub voor Dead Climb,21
Nieuwshub voor Gravity Island,3
Nieuwshub voor Northern Blades,5
Nieuwshub voor Intelligence: Cats,5
Nieuwshub voor Hookshot,1
Nieuwshub voor Smelted Kin,13
Nieuwshub voor CARSTEROIDS,54
Nieuwshub voor Dininho Space Adventure,3
Nieuwshub voor Fractured Voyage,1
Nieuwshub voor Russian Drunken Boxers,1
Nieuwshub voor Woody Chopper,4
Nieuwshub voor KEEPER- the hunter of insects,1
Nieuwshub voor Bunny Quest,7
Nieuwshub voor Choco Pixel S,1
Nieuwshub voor Super Orb Collector,1
Nieuwshub voor Time Gap Puppies,3
Nieuwshub voor Chaos,1
Nieuwshub voor Wide Open,8
Nieuwshub voor Mahjong Carnaval 2,1
Nieuwshub voor Zombie Wars,4
Nieuwshub voor Choco Pixel 5,1
Nieuwshub voor 1001 Jigsaw World Tour Asia,1
Nieuwshub voor Deadly Runner,3
Nieuwshub voor Gravity Light,9
Nieuwshub voor Choco Pixel 7,1
Nieuwshub voor Running Black,1
Nieuwshub voor Island 1979,1
Nieuwshub voor The End of Labyronia: Nerubis,1
Nieuwshub voor Choco Pixel 3,1
Nieuwshub voor A Siren's Call 2 VR: Legacy ( A VR Short Story),29
Nieuwshub voor Shoemaker,1
Nieuwshub voor Save President From Rebels,11
"Nieuwshub voor ""Zieh eine Karte""-Simulator",7
Nieuwshub voor Holiday Jigsaw Easter,1
Nieuwshub voor Loot Collection: Mahjong,3
Nieuwshub voor Need for Spirit: Off-Road Edition,1
Nieuwshub voor Intelligence: Dinosaurs,5
Nieuwshub voor Marie Antoinette's Solitaire,5
Nieuwshub voor SpeedingRoad,1
Nieuwshub voor Toodles & Toddlers,11
Nieuwshub voor Keep the Balance,1
Nieuwshub voor Juice Mania,7
Nieuwshub voor Archer's story,7
Nieuwshub voor Super Space Jump Man,1
Nieuwshub voor Parkland,3
Nieuwshub voor Escape - The Speedrun Game,7
Nieuwshub voor Dig and Shoot,3
Nieuwshub voor CityPunk,1
Nieuwshub voor Mahjong Secrets,1
Nieuwshub voor Pug With Bomb,1
Nieuwshub voor Dangerous Chris,3
Nieuwshub voor Color Pixel Heroes,1
Nieuwshub voor Jerry and the mystery loot box,1
Nieuwshub voor The Ancient Labyrinth,9
Nieuwshub voor Space Shooter,1
Nieuwshub voor Mini ship wars,1
Nieuwshub voor Haxor,31
Nieuwshub voor Cyber Badminton 2020,1
Nieuwshub voor Math Classroom Challenge,41
Nieuwshub voor Alice's Jigsaw Time Travel,1
Nieuwshub voor The Warrior War,1
Nieuwshub voor Brave point kill,1
Nieuwshub voor Artifacting,1
Nieuwshub voor Intelligence: Anime girls,5
Nieuwshub voor Deathless Dungeon,1
Nieuwshub voor Super Grower,1
Nieuwshub voor AirGun,1
Nieuwshub voor Doomsday Vault,1
Nieuwshub voor Space Runner - Anime,1
Nieuwshub voor Cetetorius,13
Nieuwshub voor Ultimate Chess,1
Nieuwshub voor Cake Shop Simulator,1
Nieuwshub voor NUC: After The Blast,5
Nieuwshub voor dsync,9
Nieuwshub voor MushrooMonster,1
Nieuwshub voor Football: The Hardest Job,1
Nieuwshub voor Candy,3
Nieuwshub voor My First Date RPG (Presented by: ProjectSummerIce.com),21
Nieuwshub voor Finger Breaker,1
Nieuwshub voor Shoot'n'Scroll 3D,1
Nieuwshub voor Achievement Killer,1
Nieuwshub voor Fall Fear Fly Redemption,1
Nieuwshub voor Gos Castle Runner,9
Nieuwshub voor FEEET,3
Nieuwshub voor CosmoDrive:Infinity,1
Nieuwshub voor Outer Rim,1
Nieuwshub voor Race To Sanity,3
Nieuwshub voor GG Puzzler,1
Nieuwshub voor Bob The Cube,7
Nieuwshub voor The Trap,1
Nieuwshub voor Lucid: Parables of the Ubermensch,1
Nieuwshub voor Button Frenzy,6
Nieuwshub voor Puzzles with cats,1
Nieuwshub voor Wild world,1
Nieuwshub voor RECOIL,1
Nieuwshub voor Long Road,1
Nieuwshub voor Adventure Hero,1
Nieuwshub voor ScreenSpace,1
Nieuwshub voor Mad Gardener: Zombie Massacre,1
Nieuwshub voor Drowned Gems,1
Nieuwshub voor Balloon,1
Nieuwshub voor Yume Puzzle,5
Nieuwshub voor Gangster War,1
Nieuwshub voor The Long Sky VR,5
Nieuwshub voor Death Rpg,7
Nieuwshub voor Astro Fighters 2178,1
Nieuwshub voor Quirky Crystal RPG,3
Nieuwshub voor Mystery at Stonyford Bridge,1
Nieuwshub voor Color Cube,1
Nieuwshub voor 原体：出逃,1
Nieuwshub voor Planet Lander,1
Nieuwshub voor Hover Tank Arena,3
Nieuwshub voor 70 Seconds Survival,10
Nieuwshub voor Prison Tycoon 3™: Lockdown,1
Nieuwshub voor Space Mercenary Shooter : Episode 2,1
Nieuwshub voor Potentia,3
Nieuwshub voor Super Ultimatum Quiz,3
Nieuwshub voor Trumpy Wall,1
Nieuwshub voor Battle Runner,1
Nieuwshub voor Wreckin' Ball Adventure,24
Nieuwshub voor Space Ball,6
Nieuwshub voor ShellBlast: Legacy Edition,1
Nieuwshub voor Randomlands,1
Nieuwshub voor Astro Joust,10
Nieuwshub voor Golf Extreme,1
Nieuwshub voor Flurius,1
Nieuwshub voor Santa in search of toys,1
Nieuwshub voor The Warrior Of Treasures 2: Skull Hunter,15
Nieuwshub voor Sufoco,3
Nieuwshub voor Playing History - The Plague,1
Nieuwshub voor Home defender,1
Nieuwshub voor Rambunny,4
Nieuwshub voor Professional Farmer 2017,7
Nieuwshub voor Mailbox,3
Nieuwshub voor The Dis-United States Of America,3
Nieuwshub voor Watch Tower,4
Nieuwshub voor Slime Age: Parody MMORPG Clicker,1
Nieuwshub voor Gimel Dimension,1
Nieuwshub voor Angry Fugu,1
Nieuwshub voor Lucid Path,1
Nieuwshub voor Shrine to Anubis,1
Nieuwshub voor greenTech+ Legacy Edition,1
"Nieuwshub voor Who Are You, Mr. Cooper?",3
Nieuwshub voor Insectipede,1
Nieuwshub voor Anime Cards,1
Nieuwshub voor Run Dummy Run,1
Nieuwshub voor Spirits of Metropolis: Legacy Edition,1
Nieuwshub voor Path Maker,1
Nieuwshub voor Toilet Paper Unleashed,1
Nieuwshub voor VR Wonderland 2：Adventures in a Fruit Boat,1
Nieuwshub voor 2100,9
Nieuwshub voor Duralumin Wind,1
Nieuwshub voor Telecube Nightmare,5
Nieuwshub voor Intelligence: Underwater Kingdom,5
Nieuwshub voor Brick BiuBiu,1
Nieuwshub voor Trainspotting Simulator,1
Nieuwshub voor Fractured State,33
Nieuwshub voor Gurney to Gurney,1
Nieuwshub voor First Day: Home Defender,7
Nieuwshub voor Soul-Ivy: C0,1
Nieuwshub voor Space Monster,1
Nieuwshub voor Hard Driver,1
Nieuwshub voor Pixel Robot Hunter,11
Nieuwshub voor BURGER MAN,1
Nieuwshub voor Monster Shooter,1
Nieuwshub voor 星月之歌2,3
Nieuwshub voor Maze Slider,1
Nieuwshub voor Hiscores! Gold,11
Nieuwshub voor Puzzle Monarch: Forests,1
Nieuwshub voor Choco Pixel D,1
Nieuwshub voor Stupid Bat,1
Nieuwshub voor Choco Pixel 4,1
Nieuwshub voor Choo-Choo! The Train Rides!,5
Nieuwshub voor ***,1
Nieuwshub voor Seduction 誘惑,4
Nieuwshub voor Crash Race,1
Nieuwshub voor Choco Pixel,1
Nieuwshub voor Geeste,3
Nieuwshub voor Guess Colors,1
Nieuwshub voor Choco Pixel 2,1
Nieuwshub voor Bunny Memory,1
Nieuwshub voor Chocolate makes you happy: St.Patrick's Day,1
Nieuwshub voor The Odd Neon Void,1
Nieuwshub voor Avoid The Demons,1
Nieuwshub voor Chocolate makes you happy: Valentine's Day,1
Nieuwshub voor Shining Cubes,1
Nieuwshub voor SAMUDRA,8
Nieuwshub voor Cave Nightmare,1
Nieuwshub voor Fantastic 4 In A Row 2,3
Nieuwshub voor Pirate Story,1
Nieuwshub voor Tiles Shooter Puzzle Cube,3
Nieuwshub voor Jurassic Island: The Dinosaur Zoo,5
Nieuwshub voor 来自女巫森林的法师,1
Nieuwshub voor Age of Survival,128
Nieuwshub voor Educational Games for Kids,1
Nieuwshub voor Construction Machines 2014,1
Nieuwshub voor Lords of the Black Sun,33
Nieuwshub voor March of Industry: Very Capitalist Factory Simulator Entertainments,1
Nieuwshub voor Pro Gamer Manager 2,22
Nieuwshub voor 我的梦想女孩,1
Nieuwshub voor Front Page Sports Football,13
Nieuwshub voor Recruits,6
Nieuwshub voor World Of Leaders,8
Nieuwshub voor Eternity's Child,1
Nieuwshub voor The Tower,11
Nieuwshub voor World Basketball Tycoon,1
Nieuwshub voor Cyber Team Manager,22
Nieuwshub voor The Handler of Dragons,1
Nieuwshub voor Plague Breaker,4
Nieuwshub voor Totgeschwiegen - Kapitel I,13
Nieuwshub voor Farmers Co-op: Out of This World,1
Nieuwshub voor Making it Home,63
Nieuwshub voor Slimefrog,5
Nieuwshub voor Last Kids on Earth and the Staff of Doom,1
Nieuwshub voor 阴缘,1
Nieuwshub voor Vigil: Blood Bitterness™,1
Nieuwshub voor Race To Mars,75
Nieuwshub voor Patterns,33
Nieuwshub voor The Culling 2,1
Nieuwshub voor Blood of Magic,84
Nieuwshub voor Armed Emeth,1
Nieuwshub voor Galactic Crew II,37
Nieuwshub voor S.I.N. Unit,26
Nieuwshub voor Spacebase DF-9,55
Nieuwshub voor Food Delivery Battle,6
Nieuwshub voor Wer weiß denn sowas? - Das 2. Spiel,1
Nieuwshub voor CURSED NIGHT - The House,1
Nieuwshub voor House Cleaning Survival,1
Nieuwshub voor VRemedies - Theatre Procedure Experience,1
Nieuwshub voor VRemedies - CT Procedure Experience,1
Nieuwshub voor Watch Me Stream My Mental Breakdown,6
Nieuwshub voor Mononoke Slashdown,1
Nieuwshub voor W.H.A.L.E.,1
Nieuwshub voor Combined Arms Operations Series,11
Nieuwshub voor Dungeon and Gravestone,1
Nieuwshub voor Light Infantry,9
Nieuwshub voor 新冠防治,1
Nieuwshub voor ヴァジアルサーガ愚民化戦略XX（ダブルエックス）,1
Nieuwshub voor 无限重启,13
Nieuwshub voor New Slippery Samurai,11
Nieuwshub voor 安全教育,1
Nieuwshub voor Mainly at Rest,17
Nieuwshub voor VRemedies - Radiotherapy Procedure Experience,1
Nieuwshub voor VRemedies - MRI Procedure Experience,1
Nieuwshub voor Tales From The Under-Realm: Hazel,3
Nieuwshub voor パトルの軍事博物館３ 超絶無敵究極兵器,6
Nieuwshub voor Jam Studio VR - Education & Health Care Edition,7
Nieuwshub voor ――ｯ違う!!!,5
Nieuwshub voor Tap Tap Builder,1
Nieuwshub voor KooringVR Wonderland:Red Queen's Black Magic,1
Nieuwshub voor Photographer,12
Nieuwshub voor Conquest: Frontier Wars,1
Nieuwshub voor Destiny of the World,14
Nieuwshub voor 刺沙,1
Nieuwshub voor Dragon Lapis,1
Nieuwshub voor Professor Rubik’s Brain Fitness,1
Nieuwshub voor Luminous Plume,1
Nieuwshub voor 祛魅·格心（祛魅3） - Disenchantment Heart,1
Nieuwshub voor NecroLand : Undead Corps,8
Nieuwshub voor Straya,32
Nieuwshub voor Dark Lord: Peacemaker,12
Nieuwshub voor Super Monkey,1
Nieuwshub voor AimGoGoGo,5
Nieuwshub voor Fat Fritz 2.0 SE,1
Nieuwshub voor Soulstopia -PHI-,1
Nieuwshub voor Rocket Rumble,8
Nieuwshub voor Disc Ninja,5
Nieuwshub voor Memories Of Loneliness,1
Nieuwshub voor Kick It,1
Nieuwshub voor Supermarket Shriek,1
Nieuwshub voor Epic City Builder 4,11
Nieuwshub voor The Revenge of Sophia Red,1
Nieuwshub voor Bakemono - Demon Brigade Tenmen Unit 01,31
Nieuwshub voor Avoidvania,3
Nieuwshub voor Case 02: Paranormal Evil,14
Nieuwshub voor Lihue,1
Nieuwshub voor WizardPunk,23
Nieuwshub voor Dull Grey,3
Nieuwshub voor Winning Post / ウイニングポスト,1
Nieuwshub voor 2D Paintball,8
Nieuwshub voor Midnight Calling: Anabel Collector's Edition,1
Nieuwshub voor 斗魂大陆,1
Nieuwshub voor Cypherpunk Essentials,3
Nieuwshub voor Fantasy Friends : Diep in de Zee,3
Nieuwshub voor Midnight Calling: Jeronimo Collector's Edition,1
Nieuwshub voor We Happy Few - Soundtrack and Digital Goods Bundle,1
Nieuwshub voor FamilyWorldRoam,1
Nieuwshub voor 江湖乐子人,3
Nieuwshub voor Shwip,35
Nieuwshub voor G-MODEアーカイブス39 フライハイトクラウディア4 永遠の絆,1
Nieuwshub voor Ambush: Convoy Strike,1
Nieuwshub voor Tachyon Wars,3
Nieuwshub voor Leisure Town,1
Nieuwshub voor Nikhil Murthy's Syphilisation,8
Nieuwshub voor Kinetic Void,114
Nieuwshub voor Human Madness,4
